2026-06-10 14:52:02,330 - INFO - Starting Git Repository Chunking Tool
2026-06-10 14:52:06,893 - INFO - 
Processing repository at: C:\Users\Dev\Downloads\ActionRoguelike-master\ActionRoguelike_UE_Project
2026-06-10 14:52:06,997 - INFO - Found 1913 untracked items (files and folders).
2026-06-10 14:52:07,156 - INFO - ================================================================================
Git Repository Chunking Report
Repository: C:\Users\Dev\Downloads\ActionRoguelike-master\ActionRoguelike_UE_Project
Generated: 2026-06-10 14:52:07
--------------------------------------------------------------------------------
Summary Statistics:
  Total files processed: 1913
  Successfully processed files: 1913
  Files that couldn't be measured: 0
  Files too large (>25MB): 0
  Total size of processable files: 744.15MB
  Total chunks created: 34
--------------------------------------------------------------------------------

Chunk Details:

Chunk #1 (143 files, 10.77MB):
  - ActionRoguelike.uproject (0.01MB)
  - Config\DefaultEditor.ini (0.05MB)
  - Config\DefaultEditorPerProjectUserSettings.ini (0.00MB)
  - Config\DefaultEngine.ini (0.02MB)
  - Config\DefaultGame.ini (0.00MB)
  - Config\DefaultGameplayTags.ini (0.00MB)
  - Config\DefaultInput.ini (0.01MB)
  - Config\DefaultScalability.ini (0.00MB)
  - Content\ActionRoguelike\AI\Action_Minion_MeleeAttack.uasset (0.01MB)
  - Content\ActionRoguelike\AI\Action_Minion_RangedAttack.uasset (0.01MB)
  - Content\ActionRoguelike\AI\MinionControllerBP.uasset (0.02MB)
  - Content\ActionRoguelike\AI\MinionMeleeOnly.uasset (0.03MB)
  - Content\ActionRoguelike\AI\MinionRangedBB.uasset (0.00MB)
  - Content\ActionRoguelike\AI\MinionRangedBP.uasset (0.19MB)
  - Content\ActionRoguelike\AI\MinionRangedBT.uasset (0.04MB)
  - Content\ActionRoguelike\AI\QueryContext_AllPlayers.uasset (0.02MB)
  - Content\ActionRoguelike\AI\Query_FindBotSpawn.uasset (0.01MB)
  - Content\ActionRoguelike\AI\Query_FindHidingSpot.uasset (0.01MB)
  - Content\ActionRoguelike\AI\Query_FindNearbyLocation.uasset (0.01MB)
  - Content\ActionRoguelike\AI\Query_PerceptionTargets.uasset (0.01MB)
  - Content\ActionRoguelike\Actions\Action_Blackhole.uasset (0.07MB)
  - Content\ActionRoguelike\Actions\Action_Dash.uasset (0.01MB)
  - Content\ActionRoguelike\Actions\Action_MagicProjectile.uasset (0.01MB)
  - Content\ActionRoguelike\Actions\Action_Parry.uasset (0.02MB)
  - Content\ActionRoguelike\Actions\Action_Sprint.uasset (0.11MB)
  - Content\ActionRoguelike\Actions\Effect_Burning.uasset (0.10MB)
  - Content\ActionRoguelike\Actions\Effect_Stunned.uasset (0.08MB)
  - Content\ActionRoguelike\Audio\Blueprints\AN_PlayFootstep.uasset (0.05MB)
  - Content\ActionRoguelike\Audio\Blueprints\BP_MusicManager.uasset (0.20MB)
  - Content\ActionRoguelike\Audio\Blueprints\Curve_Music_CombatThreat_High.uasset (0.00MB)
  - Content\ActionRoguelike\Audio\Blueprints\Curve_Music_CombatThreat_Low.uasset (0.00MB)
  - Content\ActionRoguelike\Audio\Blueprints\Curve_Music_CombatThreat_Medium.uasset (0.00MB)
  - Content\ActionRoguelike\Audio\Blueprints\Curve_Music_ProximityThreat_High.uasset (0.00MB)
  - Content\ActionRoguelike\Audio\Blueprints\Curve_Music_ProximityThreat_Low.uasset (0.00MB)
  - Content\ActionRoguelike\Audio\Blueprints\Curve_Music_ProximityThreat_Medium.uasset (0.00MB)
  - Content\ActionRoguelike\Audio\Blueprints\E_FootstepTypes.uasset (0.00MB)
  - Content\ActionRoguelike\Audio\Blueprints\S_AM_FootPlantDefinitions.uasset (0.01MB)
  - Content\ActionRoguelike\Audio\Components\A_FootstepFoleyComponent.uasset (0.15MB)
  - Content\ActionRoguelike\Audio\Components\A_ThreatComponent.uasset (0.13MB)
  - Content\ActionRoguelike\BP_ApplyEffectZone.uasset (0.06MB)
  - Content\ActionRoguelike\BonfireBP.uasset (0.07MB)
  - Content\ActionRoguelike\Curves\AnimateBlackholeCurve.uasset (0.01MB)
  - Content\ActionRoguelike\Curves\ChestOpenAnimation.uasset (0.00MB)
  - Content\ActionRoguelike\Curves\SpawnCreditsCurve.uasset (0.00MB)
  - Content\ActionRoguelike\DataAssets\PlayerConfigData.uasset (0.00MB)
  - Content\ActionRoguelike\Effects\DataChannel_Impacts.uasset (0.00MB)
  - Content\ActionRoguelike\Effects\NS_Impact_Decal.uasset (0.59MB)
  - Content\ActionRoguelike\Effects\NS_Impact_Decal_Mesh.uasset (0.60MB)
  - Content\ActionRoguelike\ExplosiveBarrel_Assignment.uasset (0.07MB)
  - Content\ActionRoguelike\GameModeBP.uasset (0.02MB)
  - Content\ActionRoguelike\Input\IA_Dash.uasset (0.00MB)
  - Content\ActionRoguelike\Input\IA_Interact.uasset (0.00MB)
  - Content\ActionRoguelike\Input\IA_Jump.uasset (0.00MB)
  - Content\ActionRoguelike\Input\IA_LookMouse.uasset (0.00MB)
  - Content\ActionRoguelike\Input\IA_LookStick.uasset (0.00MB)
  - Content\ActionRoguelike\Input\IA_Move.uasset (0.00MB)
  - Content\ActionRoguelike\Input\IA_Parry.uasset (0.00MB)
  - Content\ActionRoguelike\Input\IA_PauseMenu.uasset (0.00MB)
  - Content\ActionRoguelike\Input\IA_PrimaryAttack.uasset (0.00MB)
  - Content\ActionRoguelike\Input\IA_SecondaryAttack.uasset (0.00MB)
  - Content\ActionRoguelike\Input\IA_Sprint.uasset (0.00MB)
  - Content\ActionRoguelike\Input\IMC_PlayerDefault.uasset (0.01MB)
  - Content\ActionRoguelike\LeverBP.uasset (0.08MB)
  - Content\ActionRoguelike\MainMenu_GameMode.uasset (0.04MB)
  - Content\ActionRoguelike\Maps\MainMenu_Entry.umap (0.08MB)
  - Content\ActionRoguelike\Maps\TestLevel.umap (0.61MB)
  - Content\ActionRoguelike\Maps\_GENERATED\tomlo\CubeGridToolOutput_84F011D5.uasset (0.02MB)
  - Content\ActionRoguelike\Materials\MF_HitFlashDemo.uasset (0.01MB)
  - Content\ActionRoguelike\Materials\MI_HitFlashDemo_Inst.uasset (0.09MB)
  - Content\ActionRoguelike\Materials\MI_PBRDemo_Inst.uasset (0.10MB)
  - Content\ActionRoguelike\Materials\MI_RageBar.uasset (0.01MB)
  - Content\ActionRoguelike\Materials\M_3DFont.uasset (0.04MB)
  - Content\ActionRoguelike\Materials\M_3DFont_Side.uasset (0.05MB)
  - Content\ActionRoguelike\Materials\M_AnimatedHealthBar.uasset (0.09MB)
  - Content\ActionRoguelike\Materials\M_BuffIcon.uasset (0.02MB)
  - Content\ActionRoguelike\Materials\M_DevZone.uasset (0.02MB)
  - Content\ActionRoguelike\Materials\M_DissolveEffect.uasset (0.02MB)
  - Content\ActionRoguelike\Materials\M_HealthBar.uasset (0.01MB)
  - Content\ActionRoguelike\Materials\M_HitFlashDemo.uasset (0.02MB)
  - Content\ActionRoguelike\Materials\M_HitFlash_Overlay.uasset (0.02MB)
  - Content\ActionRoguelike\Materials\M_Impact_Decal.uasset (0.01MB)
  - Content\ActionRoguelike\Materials\M_PBRDemo.uasset (0.12MB)
  - Content\ActionRoguelike\Materials\M_Props.uasset (0.09MB)
  - Content\ActionRoguelike\Materials\M_SineWave.uasset (0.10MB)
  - Content\ActionRoguelike\Materials\M_SineWaveBP.uasset (0.10MB)
  - Content\ActionRoguelike\Materials\T_DevPatterns.uasset (0.00MB)
  - Content\ActionRoguelike\Monsters\DT_Monsters.uasset (0.00MB)
  - Content\ActionRoguelike\Monsters\Monster_MinionRanged.uasset (0.00MB)
  - Content\ActionRoguelike\Monsters\Monster_MinionRanged_Elite.uasset (0.00MB)
  - Content\ActionRoguelike\Performance\Maps\AnimPerfTests.umap (0.05MB)
  - Content\ActionRoguelike\Performance\ProjectileSpammer.uasset (0.08MB)
  - Content\ActionRoguelike\Performance\VFX\World_Impacts_EffectType.uasset (0.01MB)
  - Content\ActionRoguelike\Performance\VFX\World_Pickups_EffectType.uasset (0.00MB)
  - Content\ActionRoguelike\Performance\VFX\World_Projectiles_EffectType.uasset (0.01MB)
  - Content\ActionRoguelike\PlayerCharacter.uasset (0.08MB)
  - Content\ActionRoguelike\PlayerControllerBP.uasset (0.09MB)
  - Content\ActionRoguelike\Powerup_Credits.uasset (0.05MB)
  - Content\ActionRoguelike\Powerup_GrantAction.uasset (0.16MB)
  - Content\ActionRoguelike\Powerup_HealthPotion.uasset (0.07MB)
  - Content\ActionRoguelike\ProjectileCanon.uasset (0.06MB)
  - Content\ActionRoguelike\Projectiles\DA_ProjectileConfigAI.uasset (0.00MB)
  - Content\ActionRoguelike\Projectiles\M_MeshImpactDecal.uasset (0.03MB)
  - Content\ActionRoguelike\Projectiles\NS_Projectile_WorldSpace.uasset (0.82MB)
  - Content\ActionRoguelike\Projectiles\Proj_BlackHole.uasset (0.09MB)
  - Content\ActionRoguelike\Projectiles\Proj_Dash.uasset (0.03MB)
  - Content\ActionRoguelike\Projectiles\Proj_MagicProjectile.uasset (0.03MB)
  - Content\ActionRoguelike\Projectiles\Proj_MinionRangedAttack.uasset (0.02MB)
  - Content\ActionRoguelike\QueryContext_PlayerStarts.uasset (0.02MB)
  - Content\ActionRoguelike\Query_FindPowerupSpawns.uasset (0.01MB)
  - Content\ActionRoguelike\SineWaveBlueprint.uasset (0.11MB)
  - Content\ActionRoguelike\TargetDummyBP.uasset (0.03MB)
  - Content\ActionRoguelike\TreasureChest.uasset (0.03MB)
  - Content\ActionRoguelike\UI\Credits_Widget.uasset (0.07MB)
  - Content\ActionRoguelike\UI\Crosshair_Widget.uasset (0.02MB)
  - Content\ActionRoguelike\UI\DamagePopup_Widget.uasset (0.10MB)
  - Content\ActionRoguelike\UI\DefaultInteraction_Widget.uasset (0.06MB)
  - Content\ActionRoguelike\UI\EffectContainer_Widget.uasset (0.05MB)
  - Content\ActionRoguelike\UI\EffectSlot_Widget.uasset (0.05MB)
  - Content\ActionRoguelike\UI\GameModeInfo_Widget.uasset (0.10MB)
  - Content\ActionRoguelike\UI\Main_HUD.uasset (0.03MB)
  - Content\ActionRoguelike\UI\Menu\MainMenu_Widget.uasset (0.07MB)
  - Content\ActionRoguelike\UI\Menu\MenuButton_Widget.uasset (0.05MB)
  - Content\ActionRoguelike\UI\Menu\PauseMenu_Widget.uasset (0.05MB)
  - Content\ActionRoguelike\UI\MinionHealth_Widget.uasset (0.08MB)
  - Content\ActionRoguelike\UI\Minion_Spotted_Widget.uasset (0.05MB)
  - Content\ActionRoguelike\UI\NotificationContainer.uasset (0.03MB)
  - Content\ActionRoguelike\UI\Notification_Item.uasset (0.05MB)
  - Content\ActionRoguelike\UI\PlayerHealth_Widget.uasset (0.13MB)
  - Content\ActionRoguelike\UI\PlayerRage_Widget.uasset (0.06MB)
  - Content\ActionRoguelike\UI\RogueHUDBP.uasset (0.10MB)
  - Content\ActionRoguelike\World\STB_BelowMonsterLimit.uasset (0.04MB)
  - Content\ActionRoguelike\World\STT_AwardSpawnCredits.uasset (0.05MB)
  - Content\ActionRoguelike\World\STT_CheckPlayersReady.uasset (0.03MB)
  - Content\ActionRoguelike\World\STT_SelectLoadMonster.uasset (0.04MB)
  - Content\ActionRoguelike\World\STT_SpawnMonster.uasset (0.05MB)
  - Content\ActionRoguelike\World\ST_CombatDirector.uasset (0.12MB)
  - Content\ActionRoguelike\World\ST_WorldEvent_Director.uasset (0.03MB)
  - Content\Characters\Mannequins\Materials\M_Mannequin.uasset (0.05MB)
  - Content\Characters\Mannequins\Materials\Manny\MI_Manny_01_New.uasset (0.02MB)
  - Content\Characters\Mannequins\Materials\Manny\MI_Manny_02_New.uasset (0.02MB)
  - Content\Characters\Mannequins\Textures\Manny\T_Manny_01_BN.uasset (1.36MB)
  - Content\Characters\Mannequins\Textures\Manny\T_Manny_01_D.uasset (0.67MB)
  - Content\Characters\Mannequins\Textures\Manny\T_Manny_01_MRA.uasset (0.68MB)

Chunk #2 (15 files, 24.49MB):
  - Content\Characters\Mannequins\Textures\Manny\T_Manny_02_BN.uasset (20.03MB)
  - Content\Characters\Mannequins\Textures\Manny\T_Manny_02_D.uasset (0.99MB)
  - Content\Characters\Mannequins\Textures\Manny\T_Manny_02_MRA.uasset (1.01MB)
  - Content\Characters\Mannequins\Textures\Shared\T_UE_Logo_M.uasset (0.06MB)
  - Content\ControlRig\Characters\Mannequins\Animations\Gideon\AO_Blendspace.uasset (0.02MB)
  - Content\ControlRig\Characters\Mannequins\Animations\Gideon\AO_CC.uasset (0.20MB)
  - Content\ControlRig\Characters\Mannequins\Animations\Gideon\AO_CD.uasset (0.20MB)
  - Content\ControlRig\Characters\Mannequins\Animations\Gideon\AO_CU.uasset (0.20MB)
  - Content\ControlRig\Characters\Mannequins\Animations\Gideon\AO_LC.uasset (0.20MB)
  - Content\ControlRig\Characters\Mannequins\Animations\Gideon\AO_LD.uasset (0.20MB)
  - Content\ControlRig\Characters\Mannequins\Animations\Gideon\AO_LU.uasset (0.20MB)
  - Content\ControlRig\Characters\Mannequins\Animations\Gideon\AO_RC.uasset (0.20MB)
  - Content\ControlRig\Characters\Mannequins\Animations\Gideon\AO_RD.uasset (0.20MB)
  - Content\ControlRig\Characters\Mannequins\Animations\Gideon\AO_RU.uasset (0.20MB)
  - Content\ControlRig\Characters\Mannequins\Animations\Gideon\Death_Back.uasset (0.63MB)

Chunk #3 (56 files, 24.19MB):
  - Content\ControlRig\Characters\Mannequins\Animations\Gideon\Death_Fwd.uasset (0.60MB)
  - Content\ControlRig\Characters\Mannequins\Animations\Gideon\Death_Montage.uasset (0.01MB)
  - Content\ControlRig\Characters\Mannequins\Animations\Gideon\GideonManny_AnimBlueprint.uasset (0.85MB)
  - Content\ControlRig\Characters\Mannequins\Animations\Gideon\Idle.uasset (2.28MB)
  - Content\ControlRig\Characters\Mannequins\Animations\Gideon\IdlePoseAdjustment.uasset (0.15MB)
  - Content\ControlRig\Characters\Mannequins\Animations\Gideon\Idle_Additive.uasset (2.28MB)
  - Content\ControlRig\Characters\Mannequins\Animations\Gideon\JogFwdSlopeLean.uasset (0.01MB)
  - Content\ControlRig\Characters\Mannequins\Animations\Gideon\Jog_Bwd.uasset (0.37MB)
  - Content\ControlRig\Characters\Mannequins\Animations\Gideon\Jog_Downhill_Fwd.uasset (0.26MB)
  - Content\ControlRig\Characters\Mannequins\Animations\Gideon\Jog_Fwd.uasset (0.39MB)
  - Content\ControlRig\Characters\Mannequins\Animations\Gideon\Jog_Fwd_Circle_Left.uasset (0.26MB)
  - Content\ControlRig\Characters\Mannequins\Animations\Gideon\Jog_Fwd_Circle_Right.uasset (0.27MB)
  - Content\ControlRig\Characters\Mannequins\Animations\Gideon\Jog_Fwd_Start.uasset (0.60MB)
  - Content\ControlRig\Characters\Mannequins\Animations\Gideon\Jog_Fwd_Stop.uasset (0.46MB)
  - Content\ControlRig\Characters\Mannequins\Animations\Gideon\Jog_Left.uasset (0.37MB)
  - Content\ControlRig\Characters\Mannequins\Animations\Gideon\Jog_Right.uasset (0.39MB)
  - Content\ControlRig\Characters\Mannequins\Animations\Gideon\Jog_Uphill_Fwd.uasset (0.26MB)
  - Content\ControlRig\Characters\Mannequins\Animations\Gideon\Jump_In_Place_Apex.uasset (0.27MB)
  - Content\ControlRig\Characters\Mannequins\Animations\Gideon\Jump_In_Place_Land.uasset (0.25MB)
  - Content\ControlRig\Characters\Mannequins\Animations\Gideon\Jump_In_Place_Recover.uasset (0.34MB)
  - Content\ControlRig\Characters\Mannequins\Animations\Gideon\Jump_In_Place_Start.uasset (0.25MB)
  - Content\ControlRig\Characters\Mannequins\Animations\Gideon\LevelStart.uasset (1.12MB)
  - Content\ControlRig\Characters\Mannequins\Animations\Gideon\LevelStart_Montage.uasset (0.01MB)
  - Content\ControlRig\Characters\Mannequins\Animations\Gideon\Primary_Attack_A_Medium.uasset (0.41MB)
  - Content\ControlRig\Characters\Mannequins\Animations\Gideon\Primary_Attack_A_Medium_Montage.uasset (0.02MB)
  - Content\ControlRig\Characters\Mannequins\Animations\Gideon\Primary_Attack_B_Medium.uasset (0.42MB)
  - Content\ControlRig\Characters\Mannequins\Animations\Gideon\Primary_Attack_B_Medium_Montage.uasset (0.01MB)
  - Content\ControlRig\Characters\Mannequins\Animations\Gideon\Primary_Attack_C_Medium.uasset (0.41MB)
  - Content\ControlRig\Characters\Mannequins\Animations\Gideon\Primary_Attack_C_Medium_Montage.uasset (0.01MB)
  - Content\ControlRig\Characters\Mannequins\Animations\Gideon\RMB_Cast.uasset (0.49MB)
  - Content\ControlRig\Characters\Mannequins\Animations\Gideon\RMB_Intro.uasset (0.27MB)
  - Content\ControlRig\Characters\Mannequins\Animations\Gideon\RMB_Intro_Additive.uasset (0.27MB)
  - Content\ControlRig\Characters\Mannequins\Animations\Gideon\RMB_Targeting_Pose.uasset (0.19MB)
  - Content\ControlRig\Characters\Mannequins\Animations\Gideon\RMB_Targeting_Pose_Additive.uasset (0.19MB)
  - Content\ControlRig\Characters\Mannequins\Animations\Gideon\Run_Direction.uasset (0.02MB)
  - Content\ControlRig\Characters\Mannequins\Animations\Gideon\Sprinting_BS_1D.uasset (0.01MB)
  - Content\ControlRig\Characters\Mannequins\Animations\Gideon\Stun_A.uasset (0.62MB)
  - Content\ControlRig\Characters\Mannequins\Animations\Gideon\Stun_End.uasset (0.43MB)
  - Content\ControlRig\Characters\Mannequins\Animations\Gideon\Stun_Loop.uasset (0.50MB)
  - Content\ControlRig\Characters\Mannequins\Animations\Gideon\Stun_Start.uasset (0.36MB)
  - Content\ControlRig\Characters\Mannequins\Animations\Gideon\Torn_Space_Outro.uasset (0.42MB)
  - Content\ControlRig\Characters\Mannequins\Animations\Gideon\Torn_Space_intro.uasset (0.31MB)
  - Content\ControlRig\Characters\Mannequins\Animations\Gideon\TravelMode_Direction_BS.uasset (0.02MB)
  - Content\ControlRig\Characters\Mannequins\Animations\Gideon\TravelMode_Hover_Bwd.uasset (0.77MB)
  - Content\ControlRig\Characters\Mannequins\Animations\Gideon\TravelMode_Hover_Fwd.uasset (0.76MB)
  - Content\ControlRig\Characters\Mannequins\Animations\Gideon\TravelMode_Hover_Idle.uasset (0.63MB)
  - Content\ControlRig\Characters\Mannequins\Animations\Gideon\TravelMode_Hover_Left.uasset (0.60MB)
  - Content\ControlRig\Characters\Mannequins\Animations\Gideon\TravelMode_Hover_Right.uasset (0.60MB)
  - Content\ControlRig\Characters\Mannequins\Animations\Gideon\Turn_Left_180.uasset (0.63MB)
  - Content\ControlRig\Characters\Mannequins\Animations\Gideon\Turn_Left_90.uasset (0.57MB)
  - Content\ControlRig\Characters\Mannequins\Animations\Gideon\Turn_Right_180.uasset (0.64MB)
  - Content\ControlRig\Characters\Mannequins\Animations\Gideon\Turn_Right_90.uasset (0.57MB)
  - Content\ControlRig\Characters\Mannequins\Animations\Gideon\Turn_Right_90_Short.uasset (0.32MB)
  - Content\ControlRig\Characters\Mannequins\Animations\Gideon\Turn_Right_90_Short_Additive.uasset (0.32MB)
  - Content\ControlRig\Characters\Mannequins\Animations\Gideon\Turn_Right_90_Short_Grounded.uasset (0.32MB)
  - Content\ControlRig\Characters\Mannequins\Meshes\Mannequin_LODSettings.uasset (0.02MB)

Chunk #4 (1 files, 15.10MB):
  - Content\ControlRig\Characters\Mannequins\Meshes\SKM_Manny_Simple.uasset (15.10MB)

Chunk #5 (1 files, 25.00MB):
  - Content\ControlRig\Characters\Mannequins\Meshes\SKM_Manny_part000.uasset (25.00MB)

Chunk #6 (2 files, 17.91MB):
  - Content\ControlRig\Characters\Mannequins\Meshes\SKM_Manny_part001.uasset (2.41MB)
  - Content\ControlRig\Characters\Mannequins\Meshes\SKM_Quinn_Simple.uasset (15.50MB)

Chunk #7 (1 files, 25.00MB):
  - Content\ControlRig\Characters\Mannequins\Meshes\SKM_Quinn_part000.uasset (25.00MB)

Chunk #8 (7 files, 24.36MB):
  - Content\ControlRig\Characters\Mannequins\Meshes\SKM_Quinn_part001.uasset (3.53MB)
  - Content\ControlRig\Characters\Mannequins\Meshes\SK_Mannequin.uasset (0.14MB)
  - Content\ControlRig\Characters\Mannequins\Rigs\ABP_Manny_PostProcess.uasset (0.44MB)
  - Content\ControlRig\Characters\Mannequins\Rigs\ABP_Quinn_PostProcess.uasset (0.44MB)
  - Content\ControlRig\Characters\Mannequins\Rigs\CR_Mannequin_BasicBiped.uasset (3.98MB)
  - Content\ControlRig\Characters\Mannequins\Rigs\CR_Mannequin_BasicFootIK.uasset (0.56MB)
  - Content\ControlRig\Characters\Mannequins\Rigs\CR_Mannequin_Body.uasset (15.26MB)

Chunk #9 (91 files, 24.65MB):
  - Content\ControlRig\Characters\Mannequins\Rigs\CR_Mannequin_Procedural.uasset (2.23MB)
  - Content\ControlRig\Characters\Mannequins\Rigs\IK_Mannequin.uasset (0.14MB)
  - Content\ControlRig\Characters\Mannequins\Rigs\PA_Mannequin.uasset (0.06MB)
  - Content\ControlRig\Characters\Mannequins\Rigs\Poses\Manny\Manny_calf_l_anim.uasset (0.15MB)
  - Content\ControlRig\Characters\Mannequins\Rigs\Poses\Manny\Manny_calf_l_pose.uasset (0.20MB)
  - Content\ControlRig\Characters\Mannequins\Rigs\Poses\Manny\Manny_calf_r_anim.uasset (0.15MB)
  - Content\ControlRig\Characters\Mannequins\Rigs\Poses\Manny\Manny_calf_r_pose.uasset (0.20MB)
  - Content\ControlRig\Characters\Mannequins\Rigs\Poses\Manny\Manny_clavicle_l_anim.uasset (0.15MB)
  - Content\ControlRig\Characters\Mannequins\Rigs\Poses\Manny\Manny_clavicle_l_pose.uasset (0.20MB)
  - Content\ControlRig\Characters\Mannequins\Rigs\Poses\Manny\Manny_clavicle_r_anim.uasset (0.15MB)
  - Content\ControlRig\Characters\Mannequins\Rigs\Poses\Manny\Manny_clavicle_r_pose.uasset (0.20MB)
  - Content\ControlRig\Characters\Mannequins\Rigs\Poses\Manny\Manny_foot_l_anim.uasset (0.14MB)
  - Content\ControlRig\Characters\Mannequins\Rigs\Poses\Manny\Manny_foot_l_pose.uasset (0.13MB)
  - Content\ControlRig\Characters\Mannequins\Rigs\Poses\Manny\Manny_foot_r_anim.uasset (0.14MB)
  - Content\ControlRig\Characters\Mannequins\Rigs\Poses\Manny\Manny_foot_r_pose.uasset (0.13MB)
  - Content\ControlRig\Characters\Mannequins\Rigs\Poses\Manny\Manny_hand_l_anim.uasset (0.14MB)
  - Content\ControlRig\Characters\Mannequins\Rigs\Poses\Manny\Manny_hand_l_pose.uasset (0.16MB)
  - Content\ControlRig\Characters\Mannequins\Rigs\Poses\Manny\Manny_hand_r_anim.uasset (0.14MB)
  - Content\ControlRig\Characters\Mannequins\Rigs\Poses\Manny\Manny_hand_r_pose.uasset (0.16MB)
  - Content\ControlRig\Characters\Mannequins\Rigs\Poses\Manny\Manny_lowerarm_l_anim.uasset (0.19MB)
  - Content\ControlRig\Characters\Mannequins\Rigs\Poses\Manny\Manny_lowerarm_l_pose.uasset (0.34MB)
  - Content\ControlRig\Characters\Mannequins\Rigs\Poses\Manny\Manny_lowerarm_r_anim.uasset (0.15MB)
  - Content\ControlRig\Characters\Mannequins\Rigs\Poses\Manny\Manny_lowerarm_r_pose.uasset (0.34MB)
  - Content\ControlRig\Characters\Mannequins\Rigs\Poses\Manny\Manny_thigh_l_anim.uasset (0.17MB)
  - Content\ControlRig\Characters\Mannequins\Rigs\Poses\Manny\Manny_thigh_l_pose.uasset (0.53MB)
  - Content\ControlRig\Characters\Mannequins\Rigs\Poses\Manny\Manny_thigh_r_anim.uasset (0.17MB)
  - Content\ControlRig\Characters\Mannequins\Rigs\Poses\Manny\Manny_thigh_r_pose.uasset (0.53MB)
  - Content\ControlRig\Characters\Mannequins\Rigs\Poses\Manny\Manny_upperarm_l_anim.uasset (0.17MB)
  - Content\ControlRig\Characters\Mannequins\Rigs\Poses\Manny\Manny_upperarm_l_pose.uasset (0.61MB)
  - Content\ControlRig\Characters\Mannequins\Rigs\Poses\Manny\Manny_upperarm_r_anim.uasset (0.17MB)
  - Content\ControlRig\Characters\Mannequins\Rigs\Poses\Manny\Manny_upperarm_r_pose.uasset (0.60MB)
  - Content\ControlRig\Characters\Mannequins\Rigs\Poses\Quinn\Quinn_calf_l_anim.uasset (0.15MB)
  - Content\ControlRig\Characters\Mannequins\Rigs\Poses\Quinn\Quinn_calf_l_pose.uasset (0.23MB)
  - Content\ControlRig\Characters\Mannequins\Rigs\Poses\Quinn\Quinn_calf_r_anim.uasset (0.18MB)
  - Content\ControlRig\Characters\Mannequins\Rigs\Poses\Quinn\Quinn_calf_r_pose.uasset (0.23MB)
  - Content\ControlRig\Characters\Mannequins\Rigs\Poses\Quinn\Quinn_clavicle_l_anim.uasset (0.18MB)
  - Content\ControlRig\Characters\Mannequins\Rigs\Poses\Quinn\Quinn_clavicle_l_pose.uasset (0.20MB)
  - Content\ControlRig\Characters\Mannequins\Rigs\Poses\Quinn\Quinn_clavicle_r_anim.uasset (0.15MB)
  - Content\ControlRig\Characters\Mannequins\Rigs\Poses\Quinn\Quinn_clavicle_r_pose.uasset (0.20MB)
  - Content\ControlRig\Characters\Mannequins\Rigs\Poses\Quinn\Quinn_foot_l_anim.uasset (0.14MB)
  - Content\ControlRig\Characters\Mannequins\Rigs\Poses\Quinn\Quinn_foot_l_pose.uasset (0.13MB)
  - Content\ControlRig\Characters\Mannequins\Rigs\Poses\Quinn\Quinn_foot_r_anim.uasset (0.14MB)
  - Content\ControlRig\Characters\Mannequins\Rigs\Poses\Quinn\Quinn_foot_r_pose.uasset (0.13MB)
  - Content\ControlRig\Characters\Mannequins\Rigs\Poses\Quinn\Quinn_hand_l_anim.uasset (0.14MB)
  - Content\ControlRig\Characters\Mannequins\Rigs\Poses\Quinn\Quinn_hand_l_pose.uasset (0.16MB)
  - Content\ControlRig\Characters\Mannequins\Rigs\Poses\Quinn\Quinn_hand_r_anim.uasset (0.14MB)
  - Content\ControlRig\Characters\Mannequins\Rigs\Poses\Quinn\Quinn_hand_r_pose.uasset (0.16MB)
  - Content\ControlRig\Characters\Mannequins\Rigs\Poses\Quinn\Quinn_lowerarm_l_anim.uasset (0.15MB)
  - Content\ControlRig\Characters\Mannequins\Rigs\Poses\Quinn\Quinn_lowerarm_l_pose.uasset (0.38MB)
  - Content\ControlRig\Characters\Mannequins\Rigs\Poses\Quinn\Quinn_lowerarm_r_anim.uasset (0.15MB)
  - Content\ControlRig\Characters\Mannequins\Rigs\Poses\Quinn\Quinn_lowerarm_r_pose.uasset (0.38MB)
  - Content\ControlRig\Characters\Mannequins\Rigs\Poses\Quinn\Quinn_thigh_l_anim.uasset (0.17MB)
  - Content\ControlRig\Characters\Mannequins\Rigs\Poses\Quinn\Quinn_thigh_l_pose.uasset (0.53MB)
  - Content\ControlRig\Characters\Mannequins\Rigs\Poses\Quinn\Quinn_thigh_r_anim.uasset (0.17MB)
  - Content\ControlRig\Characters\Mannequins\Rigs\Poses\Quinn\Quinn_thigh_r_pose.uasset (0.53MB)
  - Content\ControlRig\Characters\Mannequins\Rigs\Poses\Quinn\Quinn_upperarm_l_anim.uasset (0.16MB)
  - Content\ControlRig\Characters\Mannequins\Rigs\Poses\Quinn\Quinn_upperarm_l_pose.uasset (0.46MB)
  - Content\ControlRig\Characters\Mannequins\Rigs\Poses\Quinn\Quinn_upperarm_r_anim.uasset (0.16MB)
  - Content\ControlRig\Characters\Mannequins\Rigs\Poses\Quinn\Quinn_upperarm_r_pose.uasset (0.47MB)
  - Content\ControlRig\Characters\Mannequins\Rigs\RTG_Mannequin.uasset (0.01MB)
  - Content\ExampleContent\Audio\Abilities\A_Ability_FireBallCast01.uasset (0.37MB)
  - Content\ExampleContent\Audio\Abilities\A_Ability_FireBallCast02.uasset (0.37MB)
  - Content\ExampleContent\Audio\Abilities\A_Ability_FireWaveCast01.uasset (0.51MB)
  - Content\ExampleContent\Audio\Abilities\A_Ability_FireWavePowerup_01.uasset (0.56MB)
  - Content\ExampleContent\Audio\Abilities\A_Ability_FireWavePowerup_02.uasset (0.55MB)
  - Content\ExampleContent\Audio\Abilities\A_Ability_MeteorCast01.uasset (0.95MB)
  - Content\ExampleContent\Audio\Abilities\A_Ability_MeteorImpact01.uasset (0.37MB)
  - Content\ExampleContent\Audio\Abilities\A_Ability_MeteorImpact02.uasset (0.37MB)
  - Content\ExampleContent\Audio\Abilities\A_Ability_MeteorWhoosh_01.uasset (0.56MB)
  - Content\ExampleContent\Audio\Abilities\A_Ability_TimeSlow01.uasset (1.35MB)
  - Content\ExampleContent\Audio\Audio\Sound_Basics\Basic_ActorLocation01.uasset (0.50MB)
  - Content\ExampleContent\Audio\Audio\Sound_Basics\Basic_AttenuationShape01.uasset (1.50MB)
  - Content\ExampleContent\Audio\AudioClasses\SC_Abilities.uasset (0.00MB)
  - Content\ExampleContent\Audio\AudioClasses\SC_Enemy.uasset (0.00MB)
  - Content\ExampleContent\Audio\AudioClasses\SC_Hero.uasset (0.00MB)
  - Content\ExampleContent\Audio\AudioClasses\SC_Items.uasset (0.00MB)
  - Content\ExampleContent\Audio\AudioClasses\SC_Music.uasset (0.00MB)
  - Content\ExampleContent\Audio\AudioClasses\SC_Player.uasset (0.00MB)
  - Content\ExampleContent\Audio\AudioClasses\SC_RPG_Master.uasset (0.00MB)
  - Content\ExampleContent\Audio\AudioClasses\SC_SFX.uasset (0.00MB)
  - Content\ExampleContent\Audio\AudioClasses\SC_Slomo.uasset (0.00MB)
  - Content\ExampleContent\Audio\AudioClasses\SC_UI.uasset (0.00MB)
  - Content\ExampleContent\Audio\AudioClasses\SC_Weapons.uasset (0.00MB)
  - Content\ExampleContent\Audio\AudioClasses\SM_Abilities.uasset (0.00MB)
  - Content\ExampleContent\Audio\AudioClasses\SM_Enemies.uasset (0.00MB)
  - Content\ExampleContent\Audio\AudioClasses\SM_Items.uasset (0.00MB)
  - Content\ExampleContent\Audio\AudioClasses\SM_Mixer.uasset (0.00MB)
  - Content\ExampleContent\Audio\AudioClasses\SM_Slomo.uasset (0.00MB)
  - Content\ExampleContent\Audio\Character\A_Character_Heal01.uasset (0.46MB)
  - Content\ExampleContent\Audio\Character\A_Character_Heal01_Mana.uasset (0.46MB)
  - Content\ExampleContent\Audio\Character\A_Character_Potion01.uasset (0.40MB)

Chunk #10 (68 files, 24.97MB):
  - Content\ExampleContent\Audio\Character\A_Character_Potion02.uasset (0.46MB)
  - Content\ExampleContent\Audio\Character\A_Character_Powerup01.uasset (0.74MB)
  - Content\ExampleContent\Audio\Character\A_Character_Step01.uasset (0.19MB)
  - Content\ExampleContent\Audio\Character\A_Character_Step02.uasset (0.19MB)
  - Content\ExampleContent\Audio\Character\A_Character_Step03.uasset (0.19MB)
  - Content\ExampleContent\Audio\Character\A_Character_Step04.uasset (0.19MB)
  - Content\ExampleContent\Audio\Character\A_Character_Step05.uasset (0.19MB)
  - Content\ExampleContent\Audio\Concurrency\Spider_Walk_Loop.uasset (0.00MB)
  - Content\ExampleContent\Audio\Creatures\Guardian\A_Guardian_Death01.uasset (0.32MB)
  - Content\ExampleContent\Audio\Creatures\Guardian\A_Guardian_Death02.uasset (0.33MB)
  - Content\ExampleContent\Audio\Creatures\Guardian\A_Guardian_Impact01.uasset (0.15MB)
  - Content\ExampleContent\Audio\Creatures\Guardian\A_Guardian_Impact02.uasset (0.15MB)
  - Content\ExampleContent\Audio\Creatures\Guardian\A_Guardian_Impact03.uasset (0.15MB)
  - Content\ExampleContent\Audio\Creatures\Guardian\A_Guardian_Impact04.uasset (0.15MB)
  - Content\ExampleContent\Audio\Creatures\Guardian\A_Guardian_Roar02.uasset (0.26MB)
  - Content\ExampleContent\Audio\Creatures\Guardian\A_Guardian_Roar03.uasset (0.26MB)
  - Content\ExampleContent\Audio\Creatures\Guardian\A_Guardian_Spawn01.uasset (0.34MB)
  - Content\ExampleContent\Audio\Creatures\Guardian\A_Guardian_Spawn02.uasset (0.34MB)
  - Content\ExampleContent\Audio\Creatures\Spider\A_Spider_Death01.uasset (0.55MB)
  - Content\ExampleContent\Audio\Creatures\Spider\A_Spider_Death_Cue.uasset (0.01MB)
  - Content\ExampleContent\Audio\Creatures\Spider\A_Spider_Land01.uasset (0.46MB)
  - Content\ExampleContent\Audio\Creatures\Spider\A_Spider_Land_Cue.uasset (0.01MB)
  - Content\ExampleContent\Audio\Creatures\Spider\A_Spider_LegLrg01.uasset (0.15MB)
  - Content\ExampleContent\Audio\Creatures\Spider\A_Spider_LegLrg02.uasset (0.15MB)
  - Content\ExampleContent\Audio\Creatures\Spider\A_Spider_LegLrg03.uasset (0.18MB)
  - Content\ExampleContent\Audio\Creatures\Spider\A_Spider_LegLrg04.uasset (0.19MB)
  - Content\ExampleContent\Audio\Creatures\Spider\A_Spider_LegLrg_Cue.uasset (0.01MB)
  - Content\ExampleContent\Audio\Creatures\Spider\A_Spider_React01.uasset (0.37MB)
  - Content\ExampleContent\Audio\Creatures\Spider\A_Spider_React02.uasset (0.37MB)
  - Content\ExampleContent\Audio\Creatures\Spider\A_Spider_React03.uasset (0.37MB)
  - Content\ExampleContent\Audio\Creatures\Spider\A_Spider_React_Cue.uasset (0.01MB)
  - Content\ExampleContent\Audio\Creatures\Spider\A_Spider_Spawn01.uasset (0.55MB)
  - Content\ExampleContent\Audio\Creatures\Spider\A_Spider_Spawn_Cue.uasset (0.01MB)
  - Content\ExampleContent\Audio\Creatures\Spider\A_Spider_Stun01.uasset (0.51MB)
  - Content\ExampleContent\Audio\Creatures\Spider\A_Spider_Stun_Cue.uasset (0.01MB)
  - Content\ExampleContent\Audio\Creatures\Spider\A_Spider_WalkLoop02.uasset (0.13MB)
  - Content\ExampleContent\Audio\Creatures\Spider\A_Spider_WalkLoop_Cue.uasset (0.01MB)
  - Content\ExampleContent\Audio\ITEM\ENV_Switch.uasset (0.13MB)
  - Content\ExampleContent\Audio\ITEM\ITEM_Cloud_Deploy.uasset (0.23MB)
  - Content\ExampleContent\Audio\ITEM\ITEM_Cloud_Despawn.uasset (0.34MB)
  - Content\ExampleContent\Audio\ITEM\ITEM_Cloud_Loop_Cooling.uasset (1.38MB)
  - Content\ExampleContent\Audio\ITEM\ITEM_Cloud_Loop_Cooling02.uasset (1.37MB)
  - Content\ExampleContent\Audio\ITEM\ITEM_Cloud_Loop_Healing.uasset (1.38MB)
  - Content\ExampleContent\Audio\ITEM\ITEM_Cloud_Loop_Revealing.uasset (1.38MB)
  - Content\ExampleContent\Audio\ITEM\ITEM_Cloud_Spawn.uasset (0.20MB)
  - Content\ExampleContent\Audio\ITEM\ITEM_CoolDown01.uasset (0.21MB)
  - Content\ExampleContent\Audio\ITEM\ITEM_CoolDown_Expired.uasset (0.39MB)
  - Content\ExampleContent\Audio\ITEM\ITEM_CoolDown_Loop.uasset (0.60MB)
  - Content\ExampleContent\Audio\ITEM\ITEM_Fail01.uasset (0.10MB)
  - Content\ExampleContent\Audio\ITEM\ITEM_Power_Fail01.uasset (0.13MB)
  - Content\ExampleContent\Audio\Sword\A_Sword_Swing01.uasset (0.19MB)
  - Content\ExampleContent\Audio\Sword\A_Sword_Swing02.uasset (0.19MB)
  - Content\ExampleContent\Audio\Sword\A_Sword_Swing03.uasset (0.19MB)
  - Content\ExampleContent\Audio\Textures\T_Metal_Painted01_N.uasset (6.05MB)
  - Content\ExampleContent\Audio\Weapons\Axe\A_Axe_Swing01.uasset (0.19MB)
  - Content\ExampleContent\Audio\Weapons\Axe\A_Axe_Swing02.uasset (0.19MB)
  - Content\ExampleContent\Audio\Weapons\Axe\A_Axe_Swing03.uasset (0.19MB)
  - Content\ExampleContent\Audio\Weapons\Hammer\A_Hammer_Swing01.uasset (0.22MB)
  - Content\ExampleContent\Audio\Weapons\Hammer\A_Hammer_Swing02.uasset (0.22MB)
  - Content\ExampleContent\Audio\Weapons\Hammer\A_Hammer_Swing03.uasset (0.22MB)
  - Content\ExampleContent\Audio\Weapons\Hammer\A_Hammer_Swing_Cue.uasset (0.01MB)
  - Content\ExampleContent\CameraShake\Shake_Damage_Heavy.uasset (0.01MB)
  - Content\ExampleContent\CameraShake\Shake_Damage_Short.uasset (0.01MB)
  - Content\ExampleContent\Enemy_Great_Spider\Animation\ABP_SpiderBoss.uasset (0.26MB)
  - Content\ExampleContent\Enemy_Great_Spider\Animation\AM_Spider_Charge.uasset (0.09MB)
  - Content\ExampleContent\Enemy_Great_Spider\Animation\AM_Spider_Firewall.uasset (0.09MB)
  - Content\ExampleContent\Enemy_Great_Spider\Animation\AM_Spider_Hit.uasset (0.10MB)
  - Content\ExampleContent\Enemy_Great_Spider\Animation\AM_Spider_Melee.uasset (0.10MB)

Chunk #11 (101 files, 23.05MB):
  - Content\ExampleContent\Enemy_Great_Spider\Animation\AM_Spider_Spawn.uasset (0.08MB)
  - Content\ExampleContent\Enemy_Great_Spider\Animation\BS_SpiderBoss.uasset (0.09MB)
  - Content\ExampleContent\Enemy_Great_Spider\Animation\ExoGame_Greater_Spider_Attack_Melee.uasset (0.23MB)
  - Content\ExampleContent\Enemy_Great_Spider\Animation\ExoGame_Greater_Spider_Attack_Melee_B.uasset (0.16MB)
  - Content\ExampleContent\Enemy_Great_Spider\Animation\ExoGame_Greater_Spider_Attack_Melee_C.uasset (0.16MB)
  - Content\ExampleContent\Enemy_Great_Spider\Animation\ExoGame_Greater_Spider_Cast_Roar.uasset (0.20MB)
  - Content\ExampleContent\Enemy_Great_Spider\Animation\ExoGame_Greater_Spider_Charge_Root.uasset (0.26MB)
  - Content\ExampleContent\Enemy_Great_Spider\Animation\ExoGame_Greater_Spider_Death.uasset (0.25MB)
  - Content\ExampleContent\Enemy_Great_Spider\Animation\ExoGame_Greater_Spider_Idle.uasset (0.25MB)
  - Content\ExampleContent\Enemy_Great_Spider\Animation\ExoGame_Greater_Spider_React_Heavy_Front.uasset (0.12MB)
  - Content\ExampleContent\Enemy_Great_Spider\Animation\ExoGame_Greater_Spider_React_Stunned.uasset (0.35MB)
  - Content\ExampleContent\Enemy_Great_Spider\Animation\ExoGame_Greater_Spider_React_Stunned_Enter.uasset (0.08MB)
  - Content\ExampleContent\Enemy_Great_Spider\Animation\ExoGame_Greater_Spider_React_Stunned_Exit.uasset (0.12MB)
  - Content\ExampleContent\Enemy_Great_Spider\Animation\ExoGame_Greater_Spider_React_Stunned_Idle.uasset (0.20MB)
  - Content\ExampleContent\Enemy_Great_Spider\Animation\ExoGame_Greater_Spider_Teleport.uasset (0.14MB)
  - Content\ExampleContent\Enemy_Great_Spider\Animation\ExoGame_Greater_Spider_Walk_Fwd.uasset (0.09MB)
  - Content\ExampleContent\Enemy_Great_Spider\Animation\ExoGame_Greater_Spider_Walk_Left.uasset (0.09MB)
  - Content\ExampleContent\Enemy_Great_Spider\Animation\ExoGame_Greater_Spider_Walk_Right.uasset (0.09MB)
  - Content\ExampleContent\Enemy_Great_Spider\CharM_Greater_Spider.uasset (0.02MB)
  - Content\ExampleContent\Enemy_Great_Spider\SK_Greater_Spider.uasset (0.54MB)
  - Content\ExampleContent\Enemy_Great_Spider\SK_Greater_Spider_Skeleton.uasset (0.01MB)
  - Content\ExampleContent\Enemy_Great_Spider\T_Enemy_GreaterSpider_Fire_D_01.uasset (0.98MB)
  - Content\ExampleContent\Enemy_Great_Spider\T_Enemy_GreaterSpider_Fire_M.uasset (0.11MB)
  - Content\ExampleContent\Enemy_Great_Spider\T_Enemy_GreaterSpider_Fire_N.uasset (6.43MB)
  - Content\ExampleContent\MaterialFunctions\MF_HitFlash.uasset (0.05MB)
  - Content\ExampleContent\Materials\BasicAsset01.uasset (0.01MB)
  - Content\ExampleContent\Materials\BasicShapeMaterial.uasset (0.01MB)
  - Content\ExampleContent\Materials\MI_CharacterSimple_Inst.uasset (0.02MB)
  - Content\ExampleContent\Materials\M_CharacterSimple.uasset (0.03MB)
  - Content\ExampleContent\Materials\M_Energy_Burst.uasset (0.10MB)
  - Content\ExampleContent\Materials\M_Gold_Pile.uasset (0.02MB)
  - Content\ExampleContent\Materials\M_Light_Bulb_Base.uasset (0.10MB)
  - Content\ExampleContent\Materials\M_Light_Bulb_Glass.uasset (0.10MB)
  - Content\ExampleContent\Materials\M_Metal_Lighter.uasset (0.01MB)
  - Content\ExampleContent\Materials\M_Orange_Shiny.uasset (0.01MB)
  - Content\ExampleContent\Materials\M_Pickup_Coin.uasset (0.04MB)
  - Content\ExampleContent\Materials\M_Pickup_Health.uasset (0.08MB)
  - Content\ExampleContent\Materials\M_PotionGlass.uasset (0.04MB)
  - Content\ExampleContent\Materials\M_Radial_Gradient.uasset (0.07MB)
  - Content\ExampleContent\Materials\M_Radius_Glow.uasset (0.08MB)
  - Content\ExampleContent\Materials\M_Toy_Cow.uasset (0.02MB)
  - Content\ExampleContent\Materials\M_Treasure_Chest.uasset (0.02MB)
  - Content\ExampleContent\Materials\T_Pixel_Noise.uasset (0.00MB)
  - Content\ExampleContent\Materials\T_Treasure_Chest_M.uasset (3.91MB)
  - Content\ExampleContent\Materials\T_Treasure_Chest_N.uasset (1.83MB)
  - Content\ExampleContent\Materials\T_Treasure_N.uasset (0.55MB)
  - Content\ExampleContent\Materials\T_UnrealEngineDecal.uasset (0.10MB)
  - Content\ExampleContent\Meshes\Cube.uasset (0.02MB)
  - Content\ExampleContent\Meshes\MI_Cave_Rock.uasset (0.08MB)
  - Content\ExampleContent\Meshes\MI_Cave_Rock_Large02_002.uasset (0.00MB)
  - Content\ExampleContent\Meshes\MI_Cave_Rock_Large02_003.uasset (0.00MB)
  - Content\ExampleContent\Meshes\SM_Cave_Rock_01.uasset (0.24MB)
  - Content\ExampleContent\Meshes\SM_Cave_Rock_02.uasset (0.15MB)
  - Content\ExampleContent\Meshes\SM_Cave_Rock_03.uasset (0.20MB)
  - Content\ExampleContent\Meshes\SM_Chest_Bottom.uasset (0.03MB)
  - Content\ExampleContent\Meshes\SM_Chest_Lid.uasset (0.04MB)
  - Content\ExampleContent\Meshes\SM_Coin_Small.uasset (0.08MB)
  - Content\ExampleContent\Meshes\SM_Interactive_Switch.uasset (0.04MB)
  - Content\ExampleContent\Meshes\SM_Interactive_Switch_Handle.uasset (0.04MB)
  - Content\ExampleContent\Meshes\SM_LED.uasset (0.09MB)
  - Content\ExampleContent\Meshes\SM_Lightbulb.uasset (0.14MB)
  - Content\ExampleContent\Meshes\SM_Open_Square.uasset (0.06MB)
  - Content\ExampleContent\Meshes\SM_Pickup_Coin.uasset (0.04MB)
  - Content\ExampleContent\Meshes\SM_Pickup_Health.uasset (0.08MB)
  - Content\ExampleContent\Meshes\SM_PotionBottle.uasset (0.04MB)
  - Content\ExampleContent\Meshes\SM_Radius_Ring.uasset (0.08MB)
  - Content\ExampleContent\Meshes\SM_RedBarrel.uasset (0.04MB)
  - Content\ExampleContent\Meshes\SM_Template_Map_Floor.uasset (0.02MB)
  - Content\ExampleContent\Meshes\SM_Toy_Cow.uasset (0.17MB)
  - Content\ExampleContent\Meshes\SM_Treasure_Pile.uasset (0.09MB)
  - Content\ExampleContent\Meshes\Sphere.uasset (0.06MB)
  - Content\ExampleContent\Textures\T_Lightbulb_M.uasset (0.09MB)
  - Content\ExampleContent\Textures\T_Space.uasset (0.01MB)
  - Content\ExampleContent\Textures\T_TankMoteNoise.uasset (0.13MB)
  - Content\ExampleContent\Textures\T_TileNoise.uasset (1.27MB)
  - Content\ExampleContent\Textures\T_Toy_Cow_M.uasset (0.13MB)
  - Content\ExampleContent\Textures\T_Toy_Cow_N.uasset (0.52MB)
  - Content\ExampleContent\Textures\T_White.uasset (0.00MB)
  - Content\ExampleContent\UI\Fonts\Cinzel\Cinzel-Black.uasset (0.07MB)
  - Content\ExampleContent\UI\Fonts\Cinzel\Cinzel-Bold.uasset (0.08MB)
  - Content\ExampleContent\UI\Fonts\Cinzel\Cinzel-Regular.uasset (0.07MB)
  - Content\ExampleContent\UI\Fonts\Cinzel\Cinzel.uasset (0.01MB)
  - Content\ExampleContent\UI\Material\M_UI_Shinyness.uasset (0.04MB)
  - Content\ExampleContent\UI\Texture\T_Dissolve_Mob_M.uasset (0.09MB)
  - Content\ExampleContent\UI\Texture\T_UI_Add_Button_01.uasset (0.01MB)
  - Content\ExampleContent\UI\Texture\T_UI_Border_01.uasset (0.01MB)
  - Content\ExampleContent\UI\Texture\T_UI_Border_02.uasset (0.03MB)
  - Content\ExampleContent\UI\Texture\T_UI_ButtonGlow01.uasset (0.09MB)
  - Content\ExampleContent\UI\Texture\T_UI_ButtonImage_01.uasset (0.00MB)
  - Content\ExampleContent\UI\Texture\T_UI_ButtonImage_02.uasset (0.01MB)
  - Content\ExampleContent\UI\Texture\T_UI_Change_Icon.uasset (0.02MB)
  - Content\ExampleContent\UI\Texture\T_UI_Checkbox_Checked.uasset (0.01MB)
  - Content\ExampleContent\UI\Texture\T_UI_Checkbox_Unchecked.uasset (0.01MB)
  - Content\ExampleContent\UI\Texture\T_UI_Clear_Icon.uasset (0.01MB)
  - Content\ExampleContent\UI\Texture\T_UI_Icon_Settings01.uasset (0.02MB)
  - Content\ExampleContent\UI\Texture\T_UI_Icon_Time01.uasset (0.03MB)
  - Content\ExampleContent\UI\Texture\T_UI_Potion_Health.uasset (0.02MB)
  - Content\ExampleContent\UI\Texture\T_UI_Potion_Mana.uasset (0.02MB)
  - Content\ExampleContent\UI\Texture\T_UI_Potion_ManaAndHealth.uasset (0.02MB)
  - Content\ExampleContent\UI\Texture\T_UI_Skill_Combust01.uasset (0.07MB)
  - Content\ExampleContent\UI\Texture\T_UI_Soul_Icon.uasset (0.03MB)

Chunk #12 (88 files, 24.99MB):
  - Content\ExampleContent\UI\Texture\T_Water_N.uasset (2.02MB)
  - Content\LevelPrototyping\Materials\MF_ProcGrid.uasset (0.05MB)
  - Content\LevelPrototyping\Materials\MI_PrototypeGrid_Gray.uasset (0.02MB)
  - Content\LevelPrototyping\Materials\MI_PrototypeGrid_TopDark.uasset (0.01MB)
  - Content\LevelPrototyping\Materials\M_PrototypeGrid.uasset (0.04MB)
  - Content\LevelPrototyping\Textures\T_GridChecker_A.uasset (0.01MB)
  - Content\ParagonGideon\Audio\Wavs\Gideon_Ability_LowMana_010.uasset (0.41MB)
  - Content\ParagonGideon\Audio\Wavs\Gideon_Ability_LowMana_020.uasset (0.42MB)
  - Content\ParagonGideon\Audio\Wavs\Gideon_Ability_LowMana_030.uasset (0.40MB)
  - Content\ParagonGideon\Audio\Wavs\Gideon_Ability_LowMana_040.uasset (0.38MB)
  - Content\ParagonGideon\Audio\Wavs\Gideon_Ability_No_010.uasset (0.43MB)
  - Content\ParagonGideon\Audio\Wavs\Gideon_Ability_No_020.uasset (0.36MB)
  - Content\ParagonGideon\Audio\Wavs\Gideon_Ability_No_030.uasset (0.41MB)
  - Content\ParagonGideon\Audio\Wavs\Gideon_Ability_No_040.uasset (0.42MB)
  - Content\ParagonGideon\Audio\Wavs\Gideon_Ability_Ultimate_Ready_010.uasset (0.53MB)
  - Content\ParagonGideon\Audio\Wavs\Gideon_Ability_Ultimate_Self_010.uasset (0.50MB)
  - Content\ParagonGideon\Audio\Wavs\Gideon_Effort_Ability_Primary_Cast_010.uasset (0.29MB)
  - Content\ParagonGideon\Audio\Wavs\Gideon_Effort_Ability_Primary_Cast_011.uasset (0.32MB)
  - Content\ParagonGideon\Audio\Wavs\Gideon_Effort_Attack_010.uasset (0.42MB)
  - Content\ParagonGideon\Audio\Wavs\Gideon_Effort_Attack_011.uasset (0.38MB)
  - Content\ParagonGideon\Audio\Wavs\Gideon_Effort_Attack_012.uasset (0.32MB)
  - Content\ParagonGideon\Audio\Wavs\Gideon_Effort_Attack_013.uasset (0.36MB)
  - Content\ParagonGideon\Audio\Wavs\Gideon_Effort_Attack_014.uasset (0.35MB)
  - Content\ParagonGideon\Audio\Wavs\Gideon_Effort_Block_010.uasset (0.26MB)
  - Content\ParagonGideon\Audio\Wavs\Gideon_Effort_Block_011.uasset (0.26MB)
  - Content\ParagonGideon\Audio\Wavs\Gideon_Effort_Block_012.uasset (0.24MB)
  - Content\ParagonGideon\Audio\Wavs\Gideon_Effort_Block_013.uasset (0.25MB)
  - Content\ParagonGideon\Audio\Wavs\Gideon_Effort_Block_014.uasset (0.27MB)
  - Content\ParagonGideon\Audio\Wavs\Gideon_Effort_Block_Cue.uasset (0.00MB)
  - Content\ParagonGideon\Audio\Wavs\Gideon_Effort_Death_010.uasset (0.85MB)
  - Content\ParagonGideon\Audio\Wavs\Gideon_Effort_Death_011.uasset (0.59MB)
  - Content\ParagonGideon\Audio\Wavs\Gideon_Effort_Death_012.uasset (0.62MB)
  - Content\ParagonGideon\Audio\Wavs\Gideon_Effort_Death_013.uasset (0.83MB)
  - Content\ParagonGideon\Audio\Wavs\Gideon_Effort_Death_014.uasset (0.59MB)
  - Content\ParagonGideon\Audio\Wavs\Gideon_Effort_JumpLand_010.uasset (0.24MB)
  - Content\ParagonGideon\Audio\Wavs\Gideon_Effort_JumpLand_011.uasset (0.25MB)
  - Content\ParagonGideon\Audio\Wavs\Gideon_Effort_JumpLand_012.uasset (0.25MB)
  - Content\ParagonGideon\Audio\Wavs\Gideon_Effort_JumpLand_013.uasset (0.27MB)
  - Content\ParagonGideon\Audio\Wavs\Gideon_Effort_JumpLand_014.uasset (0.25MB)
  - Content\ParagonGideon\Audio\Wavs\Gideon_Effort_Swing_010.uasset (0.32MB)
  - Content\ParagonGideon\Audio\Wavs\Gideon_Effort_Swing_011.uasset (0.31MB)
  - Content\ParagonGideon\Audio\Wavs\Gideon_Effort_Swing_012.uasset (0.30MB)
  - Content\ParagonGideon\Audio\Wavs\Gideon_Effort_Swing_013.uasset (0.26MB)
  - Content\ParagonGideon\Audio\Wavs\Gideon_Effort_Swing_014.uasset (0.38MB)
  - Content\ParagonMinions\Characters\Minions\Down_Minions\Animations\Ranged\Aggro_Transition_A.uasset (0.14MB)
  - Content\ParagonMinions\Characters\Minions\Down_Minions\Animations\Ranged\Blendspaces\IdleToRun_A_Combat.uasset (0.02MB)
  - Content\ParagonMinions\Characters\Minions\Down_Minions\Animations\Ranged\Blendspaces\IdleToRun_A_NonCombat.uasset (0.02MB)
  - Content\ParagonMinions\Characters\Minions\Down_Minions\Animations\Ranged\Blendspaces\Jog_NonCombat_A.uasset (0.09MB)
  - Content\ParagonMinions\Characters\Minions\Down_Minions\Animations\Ranged\CoreVibration.uasset (0.17MB)
  - Content\ParagonMinions\Characters\Minions\Down_Minions\Animations\Ranged\Death_Back_A.uasset (0.11MB)
  - Content\ParagonMinions\Characters\Minions\Down_Minions\Animations\Ranged\Death_Front_A.uasset (0.10MB)
  - Content\ParagonMinions\Characters\Minions\Down_Minions\Animations\Ranged\Death_Front_B.uasset (0.13MB)
  - Content\ParagonMinions\Characters\Minions\Down_Minions\Animations\Ranged\Fire_A.uasset (0.15MB)
  - Content\ParagonMinions\Characters\Minions\Down_Minions\Animations\Ranged\Fire_A_1.uasset (0.15MB)
  - Content\ParagonMinions\Characters\Minions\Down_Minions\Animations\Ranged\Fire_A_2.uasset (0.15MB)
  - Content\ParagonMinions\Characters\Minions\Down_Minions\Animations\Ranged\Fire_B.uasset (0.17MB)
  - Content\ParagonMinions\Characters\Minions\Down_Minions\Animations\Ranged\Fire_Montage.uasset (0.01MB)
  - Content\ParagonMinions\Characters\Minions\Down_Minions\Animations\Ranged\HitReact_Back_A.uasset (0.11MB)
  - Content\ParagonMinions\Characters\Minions\Down_Minions\Animations\Ranged\HitReact_Front_A.uasset (0.11MB)
  - Content\ParagonMinions\Characters\Minions\Down_Minions\Animations\Ranged\HitReact_FullBody_A.uasset (0.13MB)
  - Content\ParagonMinions\Characters\Minions\Down_Minions\Animations\Ranged\HitReact_Left_A.uasset (0.11MB)
  - Content\ParagonMinions\Characters\Minions\Down_Minions\Animations\Ranged\HitReact_Right_A.uasset (0.11MB)
  - Content\ParagonMinions\Characters\Minions\Down_Minions\Animations\Ranged\Idle_A.uasset (0.67MB)
  - Content\ParagonMinions\Characters\Minions\Down_Minions\Animations\Ranged\Idle_NonCombat_A.uasset (0.82MB)
  - Content\ParagonMinions\Characters\Minions\Down_Minions\Animations\Ranged\Jog_Fwd_Combat_A.uasset (0.26MB)
  - Content\ParagonMinions\Characters\Minions\Down_Minions\Animations\Ranged\Jog_Fwd_Combat_A_Sliding.uasset (0.25MB)
  - Content\ParagonMinions\Characters\Minions\Down_Minions\Animations\Ranged\Jog_Fwd_Downhill_NonCombat.uasset (0.16MB)
  - Content\ParagonMinions\Characters\Minions\Down_Minions\Animations\Ranged\Jog_Fwd_NonCombat_A.uasset (0.24MB)
  - Content\ParagonMinions\Characters\Minions\Down_Minions\Animations\Ranged\Jog_Fwd_NonCombat_A_Sliding.uasset (0.22MB)
  - Content\ParagonMinions\Characters\Minions\Down_Minions\Animations\Ranged\Jog_Fwd_Uphill_NonCombat.uasset (0.16MB)
  - Content\ParagonMinions\Characters\Minions\Down_Minions\Animations\Ranged\Jog_Left_Combat_A.uasset (0.26MB)
  - Content\ParagonMinions\Characters\Minions\Down_Minions\Animations\Ranged\Jog_Left_NonCombat_A.uasset (0.24MB)
  - Content\ParagonMinions\Characters\Minions\Down_Minions\Animations\Ranged\Jog_Right_Combat_A.uasset (0.26MB)
  - Content\ParagonMinions\Characters\Minions\Down_Minions\Animations\Ranged\Jog_Right_NonCombat_A.uasset (0.24MB)
  - Content\ParagonMinions\Characters\Minions\Down_Minions\Animations\Ranged\KnockUp_A.uasset (0.25MB)
  - Content\ParagonMinions\Characters\Minions\Down_Minions\Animations\Ranged\KnockUp_A_Loop.uasset (0.26MB)
  - Content\ParagonMinions\Characters\Minions\Down_Minions\Animations\Ranged\KnockUp_B.uasset (0.25MB)
  - Content\ParagonMinions\Characters\Minions\Down_Minions\Animations\Ranged\KnockUp_B_Loop.uasset (0.22MB)
  - Content\ParagonMinions\Characters\Minions\Down_Minions\Animations\Ranged\Melee_Combo_A.uasset (0.22MB)
  - Content\ParagonMinions\Characters\Minions\Down_Minions\Animations\Ranged\Melee_Combo_B.uasset (0.19MB)
  - Content\ParagonMinions\Characters\Minions\Down_Minions\Animations\Ranged\Melee_Combo_C.uasset (0.18MB)
  - Content\ParagonMinions\Characters\Minions\Down_Minions\Animations\Ranged\Melee_Combo_D.uasset (0.21MB)
  - Content\ParagonMinions\Characters\Minions\Down_Minions\Animations\Ranged\Melee_Combo_E.uasset (0.16MB)
  - Content\ParagonMinions\Characters\Minions\Down_Minions\Animations\Ranged\Melee_Combo_F.uasset (0.15MB)
  - Content\ParagonMinions\Characters\Minions\Down_Minions\Animations\Ranged\Melee_Montage.uasset (0.01MB)
  - Content\ParagonMinions\Characters\Minions\Down_Minions\Animations\Ranged\Stun.uasset (0.25MB)
  - Content\ParagonMinions\Characters\Minions\Down_Minions\Animations\Ranged\TurnInPlace_Fast_Combat.uasset (0.15MB)
  - Content\ParagonMinions\Characters\Minions\Down_Minions\Animations\Ranged\TurnInPlace_Zero_Combat.uasset (0.30MB)

Chunk #13 (51 files, 13.32MB):
  - Content\ParagonMinions\Characters\Minions\Down_Minions\Animations\Ranged\Walk_Fwd_Combat_A.uasset (0.43MB)
  - Content\ParagonMinions\Characters\Minions\Down_Minions\Animations\Ranged\Walk_Fwd_NonCombat_A.uasset (0.43MB)
  - Content\ParagonMinions\Characters\Minions\Down_Minions\Animations\Siege\Blendspaces\Jog_Combat_BS.uasset (0.09MB)
  - Content\ParagonMinions\Characters\Minions\Down_Minions\Animations\Siege\CoreVibration.uasset (0.17MB)
  - Content\ParagonMinions\Characters\Minions\Down_Minions\Animations\Siege\Death_A.uasset (0.17MB)
  - Content\ParagonMinions\Characters\Minions\Down_Minions\Animations\Siege\Death_B.uasset (0.13MB)
  - Content\ParagonMinions\Characters\Minions\Down_Minions\Animations\Siege\Death_C.uasset (0.15MB)
  - Content\ParagonMinions\Characters\Minions\Down_Minions\Animations\Siege\Death_D.uasset (0.14MB)
  - Content\ParagonMinions\Characters\Minions\Down_Minions\Animations\Siege\Death_H.uasset (0.20MB)
  - Content\ParagonMinions\Characters\Minions\Down_Minions\Animations\Siege\Fire_A.uasset (0.34MB)
  - Content\ParagonMinions\Characters\Minions\Down_Minions\Animations\Siege\Fire_B.uasset (0.35MB)
  - Content\ParagonMinions\Characters\Minions\Down_Minions\Animations\Siege\Fire_C.uasset (0.36MB)
  - Content\ParagonMinions\Characters\Minions\Down_Minions\Animations\Siege\Fire_Planted.uasset (0.27MB)
  - Content\ParagonMinions\Characters\Minions\Down_Minions\Animations\Siege\Fire_Planted_B.uasset (0.27MB)
  - Content\ParagonMinions\Characters\Minions\Down_Minions\Animations\Siege\Fire_Planted_NoAdd.uasset (0.27MB)
  - Content\ParagonMinions\Characters\Minions\Down_Minions\Animations\Siege\HitReact_Back.uasset (0.11MB)
  - Content\ParagonMinions\Characters\Minions\Down_Minions\Animations\Siege\HitReact_Back_Planted.uasset (0.12MB)
  - Content\ParagonMinions\Characters\Minions\Down_Minions\Animations\Siege\HitReact_Front.uasset (0.11MB)
  - Content\ParagonMinions\Characters\Minions\Down_Minions\Animations\Siege\HitReact_Front_A.uasset (0.11MB)
  - Content\ParagonMinions\Characters\Minions\Down_Minions\Animations\Siege\HitReact_Front_Planted.uasset (0.11MB)
  - Content\ParagonMinions\Characters\Minions\Down_Minions\Animations\Siege\HitReact_Left.uasset (0.11MB)
  - Content\ParagonMinions\Characters\Minions\Down_Minions\Animations\Siege\HitReact_Left_Planted.uasset (0.12MB)
  - Content\ParagonMinions\Characters\Minions\Down_Minions\Animations\Siege\HitReact_Right.uasset (0.11MB)
  - Content\ParagonMinions\Characters\Minions\Down_Minions\Animations\Siege\HitReact_Right_Planted.uasset (0.11MB)
  - Content\ParagonMinions\Characters\Minions\Down_Minions\Animations\Siege\Idle.uasset (0.63MB)
  - Content\ParagonMinions\Characters\Minions\Down_Minions\Animations\Siege\Idle_Planted.uasset (0.05MB)
  - Content\ParagonMinions\Characters\Minions\Down_Minions\Animations\Siege\Jog_Bwd_Combat.uasset (0.10MB)
  - Content\ParagonMinions\Characters\Minions\Down_Minions\Animations\Siege\Jog_Fwd_Combat.uasset (0.20MB)
  - Content\ParagonMinions\Characters\Minions\Down_Minions\Animations\Siege\Jog_Fwd_NonCombat.uasset (0.16MB)
  - Content\ParagonMinions\Characters\Minions\Down_Minions\Animations\Siege\Jog_Fwd_NonCombat_Downhill.uasset (0.18MB)
  - Content\ParagonMinions\Characters\Minions\Down_Minions\Animations\Siege\Jog_Fwd_NonCombat_Uphill.uasset (0.15MB)
  - Content\ParagonMinions\Characters\Minions\Down_Minions\Animations\Siege\Jog_Fwd_Start.uasset (0.10MB)
  - Content\ParagonMinions\Characters\Minions\Down_Minions\Animations\Siege\Jog_Fwd_Stop.uasset (0.20MB)
  - Content\ParagonMinions\Characters\Minions\Down_Minions\Animations\Siege\Jog_Left_Combat.uasset (0.10MB)
  - Content\ParagonMinions\Characters\Minions\Down_Minions\Animations\Siege\Jog_Right_Combat.uasset (0.10MB)
  - Content\ParagonMinions\Characters\Minions\Down_Minions\Animations\Siege\KnockUp.uasset (0.18MB)
  - Content\ParagonMinions\Characters\Minions\Down_Minions\Animations\Siege\MeleeAttack_A.uasset (0.24MB)
  - Content\ParagonMinions\Characters\Minions\Down_Minions\Animations\Siege\PlantedExit.uasset (0.09MB)
  - Content\ParagonMinions\Characters\Minions\Down_Minions\Animations\Siege\PlantedIntro.uasset (0.10MB)
  - Content\ParagonMinions\Characters\Minions\Down_Minions\Animations\Siege\ShuffleInPlace.uasset (0.18MB)
  - Content\ParagonMinions\Characters\Minions\Down_Minions\Animations\Siege\Stun.uasset (0.27MB)
  - Content\ParagonMinions\Characters\Minions\Down_Minions\Materials\MI_SimpleMinion_Ranged.uasset (0.02MB)
  - Content\ParagonMinions\Characters\Minions\Down_Minions\Materials\MI_SimpleMinion_Siege.uasset (0.12MB)
  - Content\ParagonMinions\Characters\Minions\Down_Minions\Materials\M_SimpleLaneMinion.uasset (0.02MB)
  - Content\ParagonMinions\Characters\Minions\Down_Minions\Meshes\MinionRanged_AnimBP.uasset (0.25MB)
  - Content\ParagonMinions\Characters\Minions\Down_Minions\Meshes\Minion_Lane_Core_Skeleton.uasset (0.03MB)
  - Content\ParagonMinions\Characters\Minions\Down_Minions\Meshes\Minion_Lane_Ranged_Dawn.uasset (2.61MB)
  - Content\ParagonMinions\Characters\Minions\Down_Minions\Meshes\Minion_Lane_Ranged_Physics.uasset (0.04MB)
  - Content\ParagonMinions\Characters\Minions\Down_Minions\Meshes\Minion_Lane_Siege_Dawn.uasset (2.30MB)
  - Content\ParagonMinions\Characters\Minions\Down_Minions\Meshes\Minion_Lane_Siege_Physics.uasset (0.13MB)
  - Content\ParagonMinions\Characters\Minions\Down_Minions\Meshes\Minion_Lane_Siege_Skeleton.uasset (0.02MB)

Chunk #14 (1 files, 13.93MB):
  - Content\ParagonMinions\Characters\Minions\Down_Minions\Textures\Ranged\T_Minion_Dawn_Ranged_D.uasset (13.93MB)

Chunk #15 (1 files, 14.23MB):
  - Content\ParagonMinions\Characters\Minions\Down_Minions\Textures\Ranged\T_Minion_Dawn_Ranged_N.uasset (14.23MB)

Chunk #16 (1 files, 16.89MB):
  - Content\ParagonMinions\Characters\Minions\Down_Minions\Textures\Siege\T_Minion_Dawn_Seige_D.uasset (16.89MB)

Chunk #17 (190 files, 24.99MB):
  - Content\ParagonMinions\Characters\Minions\Down_Minions\Textures\Siege\T_Minion_Dawn_Seige_N.uasset (15.10MB)
  - Content\SanderAudio\AttenuationSettings\Att_010m.uasset (0.00MB)
  - Content\SanderAudio\AttenuationSettings\Att_015mBigInner.uasset (0.00MB)
  - Content\SanderAudio\AttenuationSettings\Att_020m.uasset (0.00MB)
  - Content\SanderAudio\AttenuationSettings\Att_020mBigInner.uasset (0.00MB)
  - Content\SanderAudio\AttenuationSettings\Att_020mSharp.uasset (0.00MB)
  - Content\SanderAudio\AttenuationSettings\Att_030m.uasset (0.00MB)
  - Content\SanderAudio\AttenuationSettings\Att_030mBigInner.uasset (0.00MB)
  - Content\SanderAudio\AttenuationSettings\Att_040m.uasset (0.00MB)
  - Content\SanderAudio\AttenuationSettings\Att_050m.uasset (0.00MB)
  - Content\SanderAudio\AttenuationSettings\Att_060m.uasset (0.00MB)
  - Content\SanderAudio\AttenuationSettings\Att_070m.uasset (0.00MB)
  - Content\SanderAudio\AttenuationSettings\Att_080m.uasset (0.00MB)
  - Content\SanderAudio\AttenuationSettings\Att_090m.uasset (0.00MB)
  - Content\SanderAudio\AttenuationSettings\Att_100m.uasset (0.00MB)
  - Content\SanderAudio\AttenuationSettings\Att_100m_SmallInner.uasset (0.00MB)
  - Content\SanderAudio\AttenuationSettings\Att_200m_Large.uasset (0.00MB)
  - Content\SanderAudio\ConcurrencySettings\S_SoundConcurrency_Default_05.uasset (0.00MB)
  - Content\SanderAudio\ConcurrencySettings\S_SoundConcurrency_EnemyVOFX.uasset (0.00MB)
  - Content\SanderAudio\ConcurrencySettings\S_SoundConcurrency_PlayerVOFX.uasset (0.00MB)
  - Content\SanderAudio\SoundClasses\SC_ActionRoguelike_Amb.uasset (0.00MB)
  - Content\SanderAudio\SoundClasses\SC_ActionRoguelike_Combat.uasset (0.00MB)
  - Content\SanderAudio\SoundClasses\SC_ActionRoguelike_Environmental.uasset (0.00MB)
  - Content\SanderAudio\SoundClasses\SC_ActionRoguelike_Foley.uasset (0.00MB)
  - Content\SanderAudio\SoundClasses\SC_ActionRoguelike_Items.uasset (0.00MB)
  - Content\SanderAudio\SoundClasses\SC_ActionRoguelike_Master.uasset (0.00MB)
  - Content\SanderAudio\SoundClasses\SC_ActionRoguelike_Music.uasset (0.00MB)
  - Content\SanderAudio\SoundClasses\SC_ActionRoguelike_SFX.uasset (0.00MB)
  - Content\SanderAudio\SoundClasses\SC_ActionRoguelike_UI.uasset (0.00MB)
  - Content\SanderAudio\SoundClasses\SC_ActionRoguelike_VO.uasset (0.00MB)
  - Content\SanderAudio\SoundClasses\SoundSubmixes\SS_ActionRoguelike_Amb.uasset (0.00MB)
  - Content\SanderAudio\SoundClasses\SoundSubmixes\SS_ActionRoguelike_Combat.uasset (0.00MB)
  - Content\SanderAudio\SoundClasses\SoundSubmixes\SS_ActionRoguelike_Environmental.uasset (0.00MB)
  - Content\SanderAudio\SoundClasses\SoundSubmixes\SS_ActionRoguelike_Foley.uasset (0.00MB)
  - Content\SanderAudio\SoundClasses\SoundSubmixes\SS_ActionRoguelike_Items.uasset (0.00MB)
  - Content\SanderAudio\SoundClasses\SoundSubmixes\SS_ActionRoguelike_Master.uasset (0.00MB)
  - Content\SanderAudio\SoundClasses\SoundSubmixes\SS_ActionRoguelike_Music.uasset (0.00MB)
  - Content\SanderAudio\SoundClasses\SoundSubmixes\SS_ActionRoguelike_SFX.uasset (0.00MB)
  - Content\SanderAudio\SoundClasses\SoundSubmixes\SS_ActionRoguelike_UI.uasset (0.00MB)
  - Content\SanderAudio\SoundClasses\SoundSubmixes\SS_ActionRoguelike_VO.uasset (0.00MB)
  - Content\SanderAudio\SoundClasses\SoundclassMixes\SCM_Stunned.uasset (0.00MB)
  - Content\SanderAudio\Sources\DefaultEnemy\Combat\MSS_Enemy_Combat_ProjectileHit.uasset (0.11MB)
  - Content\SanderAudio\Sources\DefaultEnemy\Combat\MSS_Enemy_Combat_ProjectileLoop.uasset (0.10MB)
  - Content\SanderAudio\Sources\DefaultEnemy\Combat\MSS_Enemy_Combat_Shoot.uasset (0.06MB)
  - Content\SanderAudio\Sources\DefaultEnemy\Combat\S_Combat_Enemy_Proj_Impact-001.uasset (0.03MB)
  - Content\SanderAudio\Sources\DefaultEnemy\Combat\S_Combat_Enemy_Proj_Impact-002.uasset (0.03MB)
  - Content\SanderAudio\Sources\DefaultEnemy\Combat\S_Combat_Enemy_Proj_Impact-003.uasset (0.04MB)
  - Content\SanderAudio\Sources\DefaultEnemy\Combat\S_Combat_Enemy_Proj_Impact-004.uasset (0.03MB)
  - Content\SanderAudio\Sources\DefaultEnemy\Combat\S_Combat_Enemy_Proj_Impact-005.uasset (0.03MB)
  - Content\SanderAudio\Sources\DefaultEnemy\Combat\S_Combat_Enemy_Proj_Impact-006.uasset (0.03MB)
  - Content\SanderAudio\Sources\DefaultEnemy\Combat\S_Combat_Enemy_Proj_Impact-007.uasset (0.03MB)
  - Content\SanderAudio\Sources\DefaultEnemy\Combat\S_Combat_Enemy_Proj_Impact-008.uasset (0.03MB)
  - Content\SanderAudio\Sources\DefaultEnemy\Combat\S_Combat_Enemy_Proj_Impact-009.uasset (0.02MB)
  - Content\SanderAudio\Sources\DefaultEnemy\Combat\S_Combat_Enemy_Proj_Impact-010.uasset (0.03MB)
  - Content\SanderAudio\Sources\DefaultEnemy\Combat\S_Combat_Enemy_Proj_Impact-011.uasset (0.03MB)
  - Content\SanderAudio\Sources\DefaultEnemy\Combat\S_Combat_Enemy_Proj_Impact-012.uasset (0.04MB)
  - Content\SanderAudio\Sources\DefaultEnemy\Combat\S_Combat_Enemy_Proj_Impact-013.uasset (0.03MB)
  - Content\SanderAudio\Sources\DefaultEnemy\Combat\S_Combat_Enemy_Proj_Impact-014.uasset (0.03MB)
  - Content\SanderAudio\Sources\DefaultEnemy\Combat\S_Combat_Enemy_Proj_Impact-015.uasset (0.02MB)
  - Content\SanderAudio\Sources\DefaultEnemy\Combat\S_Combat_Enemy_Proj_Impact-016.uasset (0.02MB)
  - Content\SanderAudio\Sources\DefaultEnemy\Combat\S_Combat_Enemy_Proj_Impact-017.uasset (0.04MB)
  - Content\SanderAudio\Sources\DefaultEnemy\Combat\S_Combat_Enemy_Proj_Impact-018.uasset (0.04MB)
  - Content\SanderAudio\Sources\DefaultEnemy\Combat\S_Combat_Enemy_Proj_Impact-019.uasset (0.03MB)
  - Content\SanderAudio\Sources\DefaultEnemy\Combat\S_Combat_Enemy_Proj_Impact-020.uasset (0.04MB)
  - Content\SanderAudio\Sources\DefaultEnemy\Combat\S_Combat_Enemy_Proj_Sizzle-001.uasset (0.07MB)
  - Content\SanderAudio\Sources\DefaultEnemy\Combat\S_Combat_Enemy_Proj_Sizzle-002.uasset (0.08MB)
  - Content\SanderAudio\Sources\DefaultEnemy\Combat\S_Combat_Enemy_Proj_Sizzle-003.uasset (0.08MB)
  - Content\SanderAudio\Sources\DefaultEnemy\Combat\S_Combat_Enemy_Proj_Sizzle-004.uasset (0.09MB)
  - Content\SanderAudio\Sources\DefaultEnemy\Combat\S_Combat_Enemy_Proj_Sizzle-005.uasset (0.09MB)
  - Content\SanderAudio\Sources\DefaultEnemy\Combat\S_Combat_Enemy_Proj_Sizzle-006.uasset (0.07MB)
  - Content\SanderAudio\Sources\DefaultEnemy\Combat\S_Combat_Enemy_Proj_Sizzle-007.uasset (0.10MB)
  - Content\SanderAudio\Sources\DefaultEnemy\Combat\S_Combat_Enemy_Proj_Sizzle-008.uasset (0.10MB)
  - Content\SanderAudio\Sources\DefaultEnemy\Combat\S_Combat_Enemy_Proj_Sizzle-009.uasset (0.08MB)
  - Content\SanderAudio\Sources\DefaultEnemy\Combat\S_Combat_Enemy_Proj_Sizzle-010.uasset (0.08MB)
  - Content\SanderAudio\Sources\DefaultEnemy\Combat\S_Combat_Enemy_Proj_Sizzle-011.uasset (0.07MB)
  - Content\SanderAudio\Sources\DefaultEnemy\Combat\S_Combat_Enemy_Proj_Sizzle-012.uasset (0.08MB)
  - Content\SanderAudio\Sources\DefaultEnemy\Combat\S_Combat_Enemy_Proj_Sizzle-013.uasset (0.08MB)
  - Content\SanderAudio\Sources\DefaultEnemy\Combat\S_Combat_Enemy_Proj_Sizzle-014.uasset (0.08MB)
  - Content\SanderAudio\Sources\DefaultEnemy\Combat\S_Combat_Enemy_Proj_Sizzle-015.uasset (0.08MB)
  - Content\SanderAudio\Sources\DefaultEnemy\Combat\S_Combat_Enemy_Proj_Sizzle-016.uasset (0.07MB)
  - Content\SanderAudio\Sources\DefaultEnemy\Combat\S_Combat_Enemy_Proj_Sizzle-017.uasset (0.10MB)
  - Content\SanderAudio\Sources\DefaultEnemy\Combat\S_Combat_Enemy_Proj_Sizzle-018.uasset (0.10MB)
  - Content\SanderAudio\Sources\DefaultEnemy\Combat\S_Combat_Enemy_Proj_Sizzle-019.uasset (0.10MB)
  - Content\SanderAudio\Sources\DefaultEnemy\Combat\S_Combat_Enemy_Proj_Sizzle-020.uasset (0.07MB)
  - Content\SanderAudio\Sources\DefaultEnemy\Combat\S_Combat_Enemy_Proj_Thud-001.uasset (0.03MB)
  - Content\SanderAudio\Sources\DefaultEnemy\Combat\S_Combat_Enemy_Proj_Thud-002.uasset (0.02MB)
  - Content\SanderAudio\Sources\DefaultEnemy\Combat\S_Combat_Enemy_Proj_Thud-003.uasset (0.03MB)
  - Content\SanderAudio\Sources\DefaultEnemy\Combat\S_Combat_Enemy_Proj_Thud-004.uasset (0.04MB)
  - Content\SanderAudio\Sources\DefaultEnemy\Combat\S_Combat_Enemy_Proj_Thud-005.uasset (0.04MB)
  - Content\SanderAudio\Sources\DefaultEnemy\Combat\S_Combat_Enemy_Proj_Thud-006.uasset (0.04MB)
  - Content\SanderAudio\Sources\DefaultEnemy\Combat\S_Combat_Enemy_Proj_Thud-007.uasset (0.04MB)
  - Content\SanderAudio\Sources\DefaultEnemy\Combat\S_Combat_Enemy_Proj_Thud-008.uasset (0.03MB)
  - Content\SanderAudio\Sources\DefaultEnemy\Combat\S_Combat_Enemy_Proj_Thud-009.uasset (0.03MB)
  - Content\SanderAudio\Sources\DefaultEnemy\Combat\S_Combat_Enemy_Proj_Thud-010.uasset (0.04MB)
  - Content\SanderAudio\Sources\DefaultEnemy\Combat\S_Combat_Enemy_Proj_Thud-011.uasset (0.03MB)
  - Content\SanderAudio\Sources\DefaultEnemy\Combat\S_Combat_Enemy_Proj_Thud-012.uasset (0.02MB)
  - Content\SanderAudio\Sources\DefaultEnemy\Combat\S_Combat_Enemy_Proj_Thud-013.uasset (0.04MB)
  - Content\SanderAudio\Sources\DefaultEnemy\Combat\S_Combat_Enemy_Proj_Thud-014.uasset (0.04MB)
  - Content\SanderAudio\Sources\DefaultEnemy\Combat\S_Combat_Enemy_Proj_Thud-015.uasset (0.04MB)
  - Content\SanderAudio\Sources\DefaultEnemy\Combat\S_Combat_Enemy_Proj_Thud-016.uasset (0.04MB)
  - Content\SanderAudio\Sources\DefaultEnemy\Combat\S_Combat_Enemy_Proj_Thud-017.uasset (0.04MB)
  - Content\SanderAudio\Sources\DefaultEnemy\Combat\S_Combat_Enemy_Proj_Thud-018.uasset (0.03MB)
  - Content\SanderAudio\Sources\DefaultEnemy\Combat\S_Combat_Enemy_Proj_Thud-019.uasset (0.04MB)
  - Content\SanderAudio\Sources\DefaultEnemy\Combat\S_Combat_Enemy_Proj_Thud-020.uasset (0.03MB)
  - Content\SanderAudio\Sources\DefaultEnemy\Combat\S_Combat_Enemy_ProjectileLoop.uasset (1.00MB)
  - Content\SanderAudio\Sources\DefaultEnemy\Combat\S_Combat_Enemy_Shoot-001.uasset (0.13MB)
  - Content\SanderAudio\Sources\DefaultEnemy\Combat\S_Combat_Enemy_Shoot-002.uasset (0.09MB)
  - Content\SanderAudio\Sources\DefaultEnemy\Combat\S_Combat_Enemy_Shoot-003.uasset (0.13MB)
  - Content\SanderAudio\Sources\DefaultEnemy\Combat\S_Combat_Enemy_Shoot-004.uasset (0.15MB)
  - Content\SanderAudio\Sources\DefaultEnemy\Combat\S_Combat_Enemy_Shoot-005.uasset (0.10MB)
  - Content\SanderAudio\Sources\DefaultEnemy\Combat\S_Combat_Enemy_Shoot-006.uasset (0.13MB)
  - Content\SanderAudio\Sources\DefaultEnemy\Combat\S_Combat_Enemy_Shoot-007.uasset (0.14MB)
  - Content\SanderAudio\Sources\DefaultEnemy\Combat\S_Combat_Enemy_Shoot-008.uasset (0.14MB)
  - Content\SanderAudio\Sources\DefaultEnemy\Combat\S_Combat_Enemy_Shoot-009.uasset (0.16MB)
  - Content\SanderAudio\Sources\DefaultEnemy\Combat\S_Combat_Enemy_Shoot-010.uasset (0.16MB)
  - Content\SanderAudio\Sources\DefaultEnemy\Combat\S_Combat_Enemy_Shoot-011.uasset (0.08MB)
  - Content\SanderAudio\Sources\DefaultEnemy\Combat\S_Combat_Enemy_Shoot-012.uasset (0.08MB)
  - Content\SanderAudio\Sources\DefaultEnemy\Combat\S_Combat_Enemy_Shoot-013.uasset (0.09MB)
  - Content\SanderAudio\Sources\DefaultEnemy\Combat\S_Combat_Enemy_Shoot-014.uasset (0.08MB)
  - Content\SanderAudio\Sources\DefaultEnemy\Combat\S_Combat_Enemy_Shoot-015.uasset (0.08MB)
  - Content\SanderAudio\Sources\DefaultEnemy\Locomotion\MSS_EnemyLocomotion_Footstep.uasset (0.11MB)
  - Content\SanderAudio\Sources\DefaultEnemy\Locomotion\S_EnemyLocomotion_FoleyArmor-001.uasset (0.04MB)
  - Content\SanderAudio\Sources\DefaultEnemy\Locomotion\S_EnemyLocomotion_FoleyArmor-002.uasset (0.04MB)
  - Content\SanderAudio\Sources\DefaultEnemy\Locomotion\S_EnemyLocomotion_FoleyArmor-003.uasset (0.04MB)
  - Content\SanderAudio\Sources\DefaultEnemy\Locomotion\S_EnemyLocomotion_FoleyArmor-004.uasset (0.03MB)
  - Content\SanderAudio\Sources\DefaultEnemy\Locomotion\S_EnemyLocomotion_FoleyArmor-005.uasset (0.04MB)
  - Content\SanderAudio\Sources\DefaultEnemy\Locomotion\S_EnemyLocomotion_FoleyArmor-006.uasset (0.04MB)
  - Content\SanderAudio\Sources\DefaultEnemy\Locomotion\S_EnemyLocomotion_FoleyArmor-007.uasset (0.02MB)
  - Content\SanderAudio\Sources\DefaultEnemy\Locomotion\S_EnemyLocomotion_FoleyArmor-008.uasset (0.03MB)
  - Content\SanderAudio\Sources\DefaultEnemy\Locomotion\S_EnemyLocomotion_FoleyArmor-009.uasset (0.02MB)
  - Content\SanderAudio\Sources\DefaultEnemy\Locomotion\S_EnemyLocomotion_FoleyArmor-010.uasset (0.03MB)
  - Content\SanderAudio\Sources\DefaultEnemy\Locomotion\S_EnemyLocomotion_FoleyArmor-011.uasset (0.03MB)
  - Content\SanderAudio\Sources\DefaultEnemy\Locomotion\S_EnemyLocomotion_FoleyArmor-012.uasset (0.03MB)
  - Content\SanderAudio\Sources\DefaultEnemy\Locomotion\S_EnemyLocomotion_FoleyArmor-013.uasset (0.03MB)
  - Content\SanderAudio\Sources\DefaultEnemy\Locomotion\S_EnemyLocomotion_FoleyArmor-014.uasset (0.03MB)
  - Content\SanderAudio\Sources\DefaultEnemy\Locomotion\S_EnemyLocomotion_FoleyArmor-015.uasset (0.05MB)
  - Content\SanderAudio\Sources\DefaultEnemy\Locomotion\S_EnemyLocomotion_FoleyArmor-016.uasset (0.03MB)
  - Content\SanderAudio\Sources\DefaultEnemy\Locomotion\S_EnemyLocomotion_FoleyArmor-017.uasset (0.04MB)
  - Content\SanderAudio\Sources\DefaultEnemy\Locomotion\S_EnemyLocomotion_FoleyArmor-018.uasset (0.02MB)
  - Content\SanderAudio\Sources\DefaultEnemy\Locomotion\S_EnemyLocomotion_FoleyArmor-019.uasset (0.04MB)
  - Content\SanderAudio\Sources\DefaultEnemy\Locomotion\S_EnemyLocomotion_FootstepGravel-001.uasset (0.02MB)
  - Content\SanderAudio\Sources\DefaultEnemy\Locomotion\S_EnemyLocomotion_FootstepGravel-002.uasset (0.03MB)
  - Content\SanderAudio\Sources\DefaultEnemy\Locomotion\S_EnemyLocomotion_FootstepGravel-003.uasset (0.03MB)
  - Content\SanderAudio\Sources\DefaultEnemy\Locomotion\S_EnemyLocomotion_FootstepGravel-004.uasset (0.02MB)
  - Content\SanderAudio\Sources\DefaultEnemy\Locomotion\S_EnemyLocomotion_FootstepGravel-005.uasset (0.02MB)
  - Content\SanderAudio\Sources\DefaultEnemy\Locomotion\S_EnemyLocomotion_FootstepGravel-006.uasset (0.03MB)
  - Content\SanderAudio\Sources\DefaultEnemy\Locomotion\S_EnemyLocomotion_FootstepGravel-007.uasset (0.02MB)
  - Content\SanderAudio\Sources\DefaultEnemy\Locomotion\S_EnemyLocomotion_FootstepGravel-008.uasset (0.03MB)
  - Content\SanderAudio\Sources\DefaultEnemy\Locomotion\S_EnemyLocomotion_FootstepGravel-009.uasset (0.02MB)
  - Content\SanderAudio\Sources\DefaultEnemy\Locomotion\S_EnemyLocomotion_FootstepGravel-010.uasset (0.03MB)
  - Content\SanderAudio\Sources\DefaultEnemy\Locomotion\S_EnemyLocomotion_FootstepGravel-011.uasset (0.03MB)
  - Content\SanderAudio\Sources\DefaultEnemy\Locomotion\S_EnemyLocomotion_FootstepGravel-012.uasset (0.02MB)
  - Content\SanderAudio\Sources\DefaultEnemy\Locomotion\S_EnemyLocomotion_FootstepGravel-013.uasset (0.03MB)
  - Content\SanderAudio\Sources\DefaultEnemy\Locomotion\S_EnemyLocomotion_FootstepGravel-014.uasset (0.02MB)
  - Content\SanderAudio\Sources\DefaultEnemy\Locomotion\S_EnemyLocomotion_FootstepGravel-015.uasset (0.03MB)
  - Content\SanderAudio\Sources\DefaultEnemy\Locomotion\S_EnemyLocomotion_FootstepGravel-016.uasset (0.04MB)
  - Content\SanderAudio\Sources\DefaultEnemy\Locomotion\S_EnemyLocomotion_FootstepGravel-017.uasset (0.02MB)
  - Content\SanderAudio\Sources\DefaultEnemy\Locomotion\S_EnemyLocomotion_FootstepGravel-018.uasset (0.02MB)
  - Content\SanderAudio\Sources\DefaultEnemy\Locomotion\S_EnemyLocomotion_FootstepGravel-019.uasset (0.02MB)
  - Content\SanderAudio\Sources\DefaultEnemy\Locomotion\S_EnemyLocomotion_FootstepGravel-020.uasset (0.03MB)
  - Content\SanderAudio\Sources\DefaultEnemy\Locomotion\S_EnemyLocomotion_FootstepGravel-021.uasset (0.02MB)
  - Content\SanderAudio\Sources\DefaultEnemy\Locomotion\S_EnemyLocomotion_FootstepGravel-022.uasset (0.02MB)
  - Content\SanderAudio\Sources\DefaultEnemy\Locomotion\S_EnemyLocomotion_FootstepGravel-023.uasset (0.03MB)
  - Content\SanderAudio\Sources\DefaultEnemy\Locomotion\S_EnemyLocomotion_FootstepGravel-024.uasset (0.02MB)
  - Content\SanderAudio\Sources\DefaultEnemy\Locomotion\S_EnemyLocomotion_FootstepGravel-025.uasset (0.02MB)
  - Content\SanderAudio\Sources\DefaultEnemy\Locomotion\S_EnemyLocomotion_FootstepGravel-026.uasset (0.03MB)
  - Content\SanderAudio\Sources\DefaultEnemy\Locomotion\S_EnemyLocomotion_FootstepGravel-027.uasset (0.03MB)
  - Content\SanderAudio\Sources\DefaultEnemy\Locomotion\S_EnemyLocomotion_FootstepGravel-028.uasset (0.03MB)
  - Content\SanderAudio\Sources\DefaultEnemy\Locomotion\S_EnemyLocomotion_FootstepGravel-029.uasset (0.02MB)
  - Content\SanderAudio\Sources\DefaultEnemy\Locomotion\S_EnemyLocomotion_LowThud-001.uasset (0.02MB)
  - Content\SanderAudio\Sources\DefaultEnemy\Locomotion\S_EnemyLocomotion_LowThud-002.uasset (0.02MB)
  - Content\SanderAudio\Sources\DefaultEnemy\Locomotion\S_EnemyLocomotion_LowThud-003.uasset (0.02MB)
  - Content\SanderAudio\Sources\DefaultEnemy\Locomotion\S_EnemyLocomotion_LowThud-004.uasset (0.02MB)
  - Content\SanderAudio\Sources\DefaultEnemy\Locomotion\S_EnemyLocomotion_LowThud-005.uasset (0.02MB)
  - Content\SanderAudio\Sources\DefaultEnemy\Locomotion\S_EnemyLocomotion_LowThud-006.uasset (0.02MB)
  - Content\SanderAudio\Sources\DefaultEnemy\Locomotion\S_EnemyLocomotion_LowThud-007.uasset (0.02MB)
  - Content\SanderAudio\Sources\DefaultEnemy\Locomotion\S_EnemyLocomotion_LowThud-008.uasset (0.02MB)
  - Content\SanderAudio\Sources\DefaultEnemy\VOFX\MSS_Enemy_VOFX_Death.uasset (0.09MB)
  - Content\SanderAudio\Sources\DefaultEnemy\VOFX\MSS_Enemy_VOFX_Engage.uasset (0.09MB)
  - Content\SanderAudio\Sources\DefaultEnemy\VOFX\MSS_Enemy_VOFX_GetHit.uasset (0.10MB)
  - Content\SanderAudio\Sources\DefaultEnemy\VOFX\S_Enemy_VOFX_Death-001.uasset (0.13MB)
  - Content\SanderAudio\Sources\DefaultEnemy\VOFX\S_Enemy_VOFX_Death-002.uasset (0.18MB)
  - Content\SanderAudio\Sources\DefaultEnemy\VOFX\S_Enemy_VOFX_Death-003.uasset (0.24MB)
  - Content\SanderAudio\Sources\DefaultEnemy\VOFX\S_Enemy_VOFX_Death-004.uasset (0.20MB)
  - Content\SanderAudio\Sources\DefaultEnemy\VOFX\S_Enemy_VOFX_Death-005.uasset (0.24MB)
  - Content\SanderAudio\Sources\DefaultEnemy\VOFX\S_Enemy_VOFX_Death-006.uasset (0.16MB)
  - Content\SanderAudio\Sources\DefaultEnemy\VOFX\S_Enemy_VOFX_Death-007.uasset (0.22MB)
  - Content\SanderAudio\Sources\DefaultEnemy\VOFX\S_Enemy_VOFX_Death-008.uasset (0.15MB)
  - Content\SanderAudio\Sources\DefaultEnemy\VOFX\S_Enemy_VOFX_Death-009.uasset (0.22MB)
  - Content\SanderAudio\Sources\DefaultEnemy\VOFX\S_Enemy_VOFX_Death-010.uasset (0.17MB)

Chunk #18 (137 files, 24.86MB):
  - Content\SanderAudio\Sources\DefaultEnemy\VOFX\S_Enemy_VOFX_Death-011.uasset (0.19MB)
  - Content\SanderAudio\Sources\DefaultEnemy\VOFX\S_Enemy_VOFX_Death-012.uasset (0.18MB)
  - Content\SanderAudio\Sources\DefaultEnemy\VOFX\S_Enemy_VOFX_Death-013.uasset (0.18MB)
  - Content\SanderAudio\Sources\DefaultEnemy\VOFX\S_Enemy_VOFX_Death-014.uasset (0.23MB)
  - Content\SanderAudio\Sources\DefaultEnemy\VOFX\S_Enemy_VOFX_Death-015.uasset (0.25MB)
  - Content\SanderAudio\Sources\DefaultEnemy\VOFX\S_Enemy_VOFX_Death-016.uasset (0.33MB)
  - Content\SanderAudio\Sources\DefaultEnemy\VOFX\S_Enemy_VOFX_Death-017.uasset (0.22MB)
  - Content\SanderAudio\Sources\DefaultEnemy\VOFX\S_Enemy_VOFX_Death-018.uasset (0.16MB)
  - Content\SanderAudio\Sources\DefaultEnemy\VOFX\S_Enemy_VOFX_Death-019.uasset (0.21MB)
  - Content\SanderAudio\Sources\DefaultEnemy\VOFX\S_Enemy_VOFX_Death-020.uasset (0.27MB)
  - Content\SanderAudio\Sources\DefaultEnemy\VOFX\S_Enemy_VOFX_Death-021.uasset (0.16MB)
  - Content\SanderAudio\Sources\DefaultEnemy\VOFX\S_Enemy_VOFX_Death-022.uasset (0.18MB)
  - Content\SanderAudio\Sources\DefaultEnemy\VOFX\S_Enemy_VOFX_Death-023.uasset (0.22MB)
  - Content\SanderAudio\Sources\DefaultEnemy\VOFX\S_Enemy_VOFX_Death-024.uasset (0.23MB)
  - Content\SanderAudio\Sources\DefaultEnemy\VOFX\S_Enemy_VOFX_Death-025.uasset (0.28MB)
  - Content\SanderAudio\Sources\DefaultEnemy\VOFX\S_Enemy_VOFX_Death-026.uasset (0.24MB)
  - Content\SanderAudio\Sources\DefaultEnemy\VOFX\S_Enemy_VOFX_Death-027.uasset (0.21MB)
  - Content\SanderAudio\Sources\DefaultEnemy\VOFX\S_Enemy_VOFX_Death-028.uasset (0.24MB)
  - Content\SanderAudio\Sources\DefaultEnemy\VOFX\S_Enemy_VOFX_Death-029.uasset (0.21MB)
  - Content\SanderAudio\Sources\DefaultEnemy\VOFX\S_Enemy_VOFX_Death-030.uasset (0.22MB)
  - Content\SanderAudio\Sources\DefaultEnemy\VOFX\S_Enemy_VOFX_Death-031.uasset (0.21MB)
  - Content\SanderAudio\Sources\DefaultEnemy\VOFX\S_Enemy_VOFX_Death-032.uasset (0.19MB)
  - Content\SanderAudio\Sources\DefaultEnemy\VOFX\S_Enemy_VOFX_Death-033.uasset (0.17MB)
  - Content\SanderAudio\Sources\DefaultEnemy\VOFX\S_Enemy_VOFX_Death-034.uasset (0.22MB)
  - Content\SanderAudio\Sources\DefaultEnemy\VOFX\S_Enemy_VOFX_Death-035.uasset (0.28MB)
  - Content\SanderAudio\Sources\DefaultEnemy\VOFX\S_Enemy_VOFX_Death-036.uasset (0.20MB)
  - Content\SanderAudio\Sources\DefaultEnemy\VOFX\S_Enemy_VOFX_Death-037.uasset (0.22MB)
  - Content\SanderAudio\Sources\DefaultEnemy\VOFX\S_Enemy_VOFX_Death-038.uasset (0.27MB)
  - Content\SanderAudio\Sources\DefaultEnemy\VOFX\S_Enemy_VOFX_Death-039.uasset (0.31MB)
  - Content\SanderAudio\Sources\DefaultEnemy\VOFX\S_Enemy_VOFX_Death-040.uasset (0.29MB)
  - Content\SanderAudio\Sources\DefaultEnemy\VOFX\S_Enemy_VOFX_Death-041.uasset (0.27MB)
  - Content\SanderAudio\Sources\DefaultEnemy\VOFX\S_Enemy_VOFX_Engage-001.uasset (0.19MB)
  - Content\SanderAudio\Sources\DefaultEnemy\VOFX\S_Enemy_VOFX_Engage-002.uasset (0.23MB)
  - Content\SanderAudio\Sources\DefaultEnemy\VOFX\S_Enemy_VOFX_Engage-003.uasset (0.23MB)
  - Content\SanderAudio\Sources\DefaultEnemy\VOFX\S_Enemy_VOFX_Engage-004.uasset (0.19MB)
  - Content\SanderAudio\Sources\DefaultEnemy\VOFX\S_Enemy_VOFX_Engage-005.uasset (0.21MB)
  - Content\SanderAudio\Sources\DefaultEnemy\VOFX\S_Enemy_VOFX_Engage-006.uasset (0.21MB)
  - Content\SanderAudio\Sources\DefaultEnemy\VOFX\S_Enemy_VOFX_Engage-007.uasset (0.17MB)
  - Content\SanderAudio\Sources\DefaultEnemy\VOFX\S_Enemy_VOFX_Engage-008.uasset (0.17MB)
  - Content\SanderAudio\Sources\DefaultEnemy\VOFX\S_Enemy_VOFX_Engage-009.uasset (0.18MB)
  - Content\SanderAudio\Sources\DefaultEnemy\VOFX\S_Enemy_VOFX_Engage-010.uasset (0.15MB)
  - Content\SanderAudio\Sources\DefaultEnemy\VOFX\S_Enemy_VOFX_Engage-011.uasset (0.14MB)
  - Content\SanderAudio\Sources\DefaultEnemy\VOFX\S_Enemy_VOFX_Engage-012.uasset (0.13MB)
  - Content\SanderAudio\Sources\DefaultEnemy\VOFX\S_Enemy_VOFX_Engage-013.uasset (0.30MB)
  - Content\SanderAudio\Sources\DefaultEnemy\VOFX\S_Enemy_VOFX_Engage-014.uasset (0.27MB)
  - Content\SanderAudio\Sources\DefaultEnemy\VOFX\S_Enemy_VOFX_Engage-015.uasset (0.28MB)
  - Content\SanderAudio\Sources\DefaultEnemy\VOFX\S_Enemy_VOFX_Engage-016.uasset (0.23MB)
  - Content\SanderAudio\Sources\DefaultEnemy\VOFX\S_Enemy_VOFX_Engage-017.uasset (0.23MB)
  - Content\SanderAudio\Sources\DefaultEnemy\VOFX\S_Enemy_VOFX_Engage-018.uasset (0.20MB)
  - Content\SanderAudio\Sources\DefaultEnemy\VOFX\S_Enemy_VOFX_Engage-019.uasset (0.23MB)
  - Content\SanderAudio\Sources\DefaultEnemy\VOFX\S_Enemy_VOFX_Engage-020.uasset (0.20MB)
  - Content\SanderAudio\Sources\DefaultEnemy\VOFX\S_Enemy_VOFX_Engage-021.uasset (0.27MB)
  - Content\SanderAudio\Sources\DefaultEnemy\VOFX\S_Enemy_VOFX_Engage-022.uasset (0.25MB)
  - Content\SanderAudio\Sources\DefaultEnemy\VOFX\S_Enemy_VOFX_Engage-023.uasset (0.22MB)
  - Content\SanderAudio\Sources\DefaultEnemy\VOFX\S_Enemy_VOFX_Engage-024.uasset (0.25MB)
  - Content\SanderAudio\Sources\DefaultEnemy\VOFX\S_Enemy_VOFX_Engage-025.uasset (0.20MB)
  - Content\SanderAudio\Sources\DefaultEnemy\VOFX\S_Enemy_VOFX_Engage-026.uasset (0.20MB)
  - Content\SanderAudio\Sources\DefaultEnemy\VOFX\S_Enemy_VOFX_Engage-027.uasset (0.19MB)
  - Content\SanderAudio\Sources\DefaultEnemy\VOFX\S_Enemy_VOFX_Engage-028.uasset (0.27MB)
  - Content\SanderAudio\Sources\DefaultEnemy\VOFX\S_Enemy_VOFX_Engage-029.uasset (0.30MB)
  - Content\SanderAudio\Sources\DefaultEnemy\VOFX\S_Enemy_VOFX_Engage-030.uasset (0.29MB)
  - Content\SanderAudio\Sources\DefaultEnemy\VOFX\S_Enemy_VOFX_Engage-031.uasset (0.27MB)
  - Content\SanderAudio\Sources\DefaultEnemy\VOFX\S_Enemy_VOFX_Engage-032.uasset (0.27MB)
  - Content\SanderAudio\Sources\DefaultEnemy\VOFX\S_Enemy_VOFX_Engage-033.uasset (0.29MB)
  - Content\SanderAudio\Sources\DefaultEnemy\VOFX\S_Enemy_VOFX_Engage-034.uasset (0.25MB)
  - Content\SanderAudio\Sources\DefaultEnemy\VOFX\S_Enemy_VOFX_Engage-035.uasset (0.33MB)
  - Content\SanderAudio\Sources\DefaultEnemy\VOFX\S_Enemy_VOFX_Engage-036.uasset (0.31MB)
  - Content\SanderAudio\Sources\DefaultEnemy\VOFX\S_Enemy_VOFX_Engage-037.uasset (0.38MB)
  - Content\SanderAudio\Sources\DefaultEnemy\VOFX\S_Enemy_VOFX_Engage-038.uasset (0.20MB)
  - Content\SanderAudio\Sources\DefaultEnemy\VOFX\S_Enemy_VOFX_Engage-039.uasset (0.19MB)
  - Content\SanderAudio\Sources\DefaultEnemy\VOFX\S_Enemy_VOFX_Engage-040.uasset (0.18MB)
  - Content\SanderAudio\Sources\DefaultEnemy\VOFX\S_Enemy_VOFX_Engage-041.uasset (0.22MB)
  - Content\SanderAudio\Sources\DefaultEnemy\VOFX\S_Enemy_VOFX_Engage-042.uasset (0.20MB)
  - Content\SanderAudio\Sources\DefaultEnemy\VOFX\S_Enemy_VOFX_Engage-043.uasset (0.24MB)
  - Content\SanderAudio\Sources\DefaultEnemy\VOFX\S_Enemy_VOFX_Engage-044.uasset (0.19MB)
  - Content\SanderAudio\Sources\DefaultEnemy\VOFX\S_Enemy_VOFX_Engage-045.uasset (0.23MB)
  - Content\SanderAudio\Sources\DefaultEnemy\VOFX\S_Enemy_VOFX_Engage-046.uasset (0.26MB)
  - Content\SanderAudio\Sources\DefaultEnemy\VOFX\S_Enemy_VOFX_Engage-047.uasset (0.27MB)
  - Content\SanderAudio\Sources\DefaultEnemy\VOFX\S_Enemy_VOFX_GetHit-001.uasset (0.13MB)
  - Content\SanderAudio\Sources\DefaultEnemy\VOFX\S_Enemy_VOFX_GetHit-002.uasset (0.11MB)
  - Content\SanderAudio\Sources\DefaultEnemy\VOFX\S_Enemy_VOFX_GetHit-003.uasset (0.14MB)
  - Content\SanderAudio\Sources\DefaultEnemy\VOFX\S_Enemy_VOFX_GetHit-004.uasset (0.10MB)
  - Content\SanderAudio\Sources\DefaultEnemy\VOFX\S_Enemy_VOFX_GetHit-005.uasset (0.13MB)
  - Content\SanderAudio\Sources\DefaultEnemy\VOFX\S_Enemy_VOFX_GetHit-006.uasset (0.11MB)
  - Content\SanderAudio\Sources\DefaultEnemy\VOFX\S_Enemy_VOFX_GetHit-007.uasset (0.12MB)
  - Content\SanderAudio\Sources\DefaultEnemy\VOFX\S_Enemy_VOFX_GetHit-008.uasset (0.13MB)
  - Content\SanderAudio\Sources\DefaultEnemy\VOFX\S_Enemy_VOFX_GetHit-009.uasset (0.13MB)
  - Content\SanderAudio\Sources\DefaultEnemy\VOFX\S_Enemy_VOFX_GetHit-010.uasset (0.12MB)
  - Content\SanderAudio\Sources\DefaultEnemy\VOFX\S_Enemy_VOFX_GetHit-011.uasset (0.12MB)
  - Content\SanderAudio\Sources\DefaultEnemy\VOFX\S_Enemy_VOFX_GetHit-012.uasset (0.12MB)
  - Content\SanderAudio\Sources\DefaultEnemy\VOFX\S_Enemy_VOFX_GetHit-013.uasset (0.12MB)
  - Content\SanderAudio\Sources\DefaultEnemy\VOFX\S_Enemy_VOFX_GetHit-014.uasset (0.13MB)
  - Content\SanderAudio\Sources\DefaultEnemy\VOFX\S_Enemy_VOFX_GetHit-015.uasset (0.11MB)
  - Content\SanderAudio\Sources\DefaultEnemy\VOFX\S_Enemy_VOFX_GetHit-016.uasset (0.11MB)
  - Content\SanderAudio\Sources\DefaultEnemy\VOFX\S_Enemy_VOFX_GetHit-017.uasset (0.11MB)
  - Content\SanderAudio\Sources\DefaultEnemy\VOFX\S_Enemy_VOFX_GetHit-018.uasset (0.09MB)
  - Content\SanderAudio\Sources\DefaultEnemy\VOFX\S_Enemy_VOFX_GetHit-019.uasset (0.11MB)
  - Content\SanderAudio\Sources\DefaultEnemy\VOFX\S_Enemy_VOFX_GetHit-020.uasset (0.11MB)
  - Content\SanderAudio\Sources\DefaultEnemy\VOFX\S_Enemy_VOFX_GetHit-021.uasset (0.12MB)
  - Content\SanderAudio\Sources\DefaultEnemy\VOFX\S_Enemy_VOFX_GetHit-022.uasset (0.14MB)
  - Content\SanderAudio\Sources\DefaultEnemy\VOFX\S_Enemy_VOFX_GetHit-023.uasset (0.11MB)
  - Content\SanderAudio\Sources\DefaultEnemy\VOFX\S_Enemy_VOFX_GetHit-024.uasset (0.12MB)
  - Content\SanderAudio\Sources\DefaultEnemy\VOFX\S_Enemy_VOFX_GetHit-025.uasset (0.12MB)
  - Content\SanderAudio\Sources\DefaultEnemy\VOFX\S_Enemy_VOFX_GetHit-026.uasset (0.12MB)
  - Content\SanderAudio\Sources\DefaultEnemy\VOFX\S_Enemy_VOFX_GetHit-027.uasset (0.14MB)
  - Content\SanderAudio\Sources\DefaultEnemy\VOFX\S_Enemy_VOFX_GetHit-028.uasset (0.09MB)
  - Content\SanderAudio\Sources\DefaultEnemy\VOFX\S_Enemy_VOFX_GetHit-029.uasset (0.12MB)
  - Content\SanderAudio\Sources\DefaultEnemy\VOFX\S_Enemy_VOFX_GetHit-030.uasset (0.14MB)
  - Content\SanderAudio\Sources\DefaultEnemy\VOFX\S_Enemy_VOFX_GetHit-031.uasset (0.12MB)
  - Content\SanderAudio\Sources\DefaultEnemy\VOFX\S_Enemy_VOFX_GetHit-032.uasset (0.15MB)
  - Content\SanderAudio\Sources\DefaultEnemy\VOFX\S_Enemy_VOFX_GetHit-033.uasset (0.13MB)
  - Content\SanderAudio\Sources\DefaultEnemy\VOFX\S_Enemy_VOFX_GetHit-034.uasset (0.12MB)
  - Content\SanderAudio\Sources\DefaultEnemy\VOFX\S_Enemy_VOFX_GetHit-035.uasset (0.11MB)
  - Content\SanderAudio\Sources\DefaultEnemy\VOFX\S_Enemy_VOFX_GetHit-036.uasset (0.12MB)
  - Content\SanderAudio\Sources\DefaultEnemy\VOFX\S_Enemy_VOFX_GetHit-037.uasset (0.12MB)
  - Content\SanderAudio\Sources\DefaultEnemy\VOFX\S_Enemy_VOFX_GetHit-038.uasset (0.08MB)
  - Content\SanderAudio\Sources\DefaultEnemy\VOFX\S_Enemy_VOFX_GetHit-039.uasset (0.11MB)
  - Content\SanderAudio\Sources\DefaultEnemy\VOFX\S_Enemy_VOFX_GetHit-040.uasset (0.12MB)
  - Content\SanderAudio\Sources\DefaultEnemy\VOFX\S_Enemy_VOFX_GetHit-041.uasset (0.10MB)
  - Content\SanderAudio\Sources\DefaultEnemy\VOFX\S_Enemy_VOFX_GetHit-042.uasset (0.12MB)
  - Content\SanderAudio\Sources\DefaultEnemy\VOFX\S_Enemy_VOFX_GetHit-043.uasset (0.11MB)
  - Content\SanderAudio\Sources\DefaultEnemy\VOFX\S_Enemy_VOFX_GetHit-044.uasset (0.11MB)
  - Content\SanderAudio\Sources\DefaultEnemy\VOFX\S_Enemy_VOFX_GetHit-045.uasset (0.11MB)
  - Content\SanderAudio\Sources\DefaultEnemy\VOFX\S_Enemy_VOFX_GetHit-046.uasset (0.12MB)
  - Content\SanderAudio\Sources\DefaultEnemy\VOFX\S_Enemy_VOFX_GetHit-047.uasset (0.09MB)
  - Content\SanderAudio\Sources\DefaultEnemy\VOFX\S_Enemy_VOFX_GetHit-048.uasset (0.13MB)
  - Content\SanderAudio\Sources\DefaultEnemy\VOFX\S_Enemy_VOFX_GetHit-049.uasset (0.10MB)
  - Content\SanderAudio\Sources\DefaultEnemy\VOFX\S_Enemy_VOFX_GetHit-050.uasset (0.11MB)
  - Content\SanderAudio\Sources\DefaultEnemy\VOFX\S_Enemy_VOFX_GetHit-051.uasset (0.11MB)
  - Content\SanderAudio\Sources\DefaultEnemy\VOFX\S_Enemy_VOFX_GetHit-052.uasset (0.12MB)
  - Content\SanderAudio\Sources\DefaultEnemy\VOFX\S_Enemy_VOFX_GetHit-053.uasset (0.13MB)
  - Content\SanderAudio\Sources\DefaultEnemy\VOFX\S_Enemy_VOFX_GetHit-054.uasset (0.11MB)
  - Content\SanderAudio\Sources\DefaultEnemy\VOFX\S_Enemy_VOFX_GetHit-055.uasset (0.12MB)
  - Content\SanderAudio\Sources\DefaultEnemy\VOFX\S_Enemy_VOFX_GetHit-056.uasset (0.13MB)
  - Content\SanderAudio\Sources\DefaultEnemy\VOFX\S_Enemy_VOFX_GetHit-057.uasset (0.13MB)
  - Content\SanderAudio\Sources\DefaultEnemy\VOFX\S_Enemy_VOFX_GetHit-058.uasset (0.12MB)
  - Content\SanderAudio\Sources\DefaultEnemy\VOFX\S_Enemy_VOFX_GetHit-059.uasset (0.16MB)

Chunk #19 (121 files, 24.43MB):
  - Content\SanderAudio\Sources\DefaultEnemy\VOFX\S_Enemy_VOFX_GetHit-060.uasset (0.15MB)
  - Content\SanderAudio\Sources\DefaultEnemy\VOFX\S_Enemy_VOFX_GetHit-061.uasset (0.14MB)
  - Content\SanderAudio\Sources\DefaultEnemy\VOFX\S_Enemy_VOFX_GetHit-062.uasset (0.14MB)
  - Content\SanderAudio\Sources\DefaultEnemy\VOFX\S_Enemy_VOFX_GetHit-063.uasset (0.15MB)
  - Content\SanderAudio\Sources\DefaultEnemy\VOFX\S_Enemy_VOFX_GetHit-064.uasset (0.11MB)
  - Content\SanderAudio\Sources\DefaultEnemy\VOFX\S_Enemy_VOFX_GetHit-065.uasset (0.16MB)
  - Content\SanderAudio\Sources\DefaultEnemy\VOFX\S_Enemy_VOFX_GetHit-066.uasset (0.11MB)
  - Content\SanderAudio\Sources\DefaultEnemy\VOFX\S_Enemy_VOFX_GetHit-067.uasset (0.11MB)
  - Content\SanderAudio\Sources\DefaultEnemy\VOFX\S_Enemy_VOFX_GetHit-068.uasset (0.11MB)
  - Content\SanderAudio\Sources\DefaultEnemy\VOFX\S_Enemy_VOFX_GetHit-069.uasset (0.11MB)
  - Content\SanderAudio\Sources\DefaultEnemy\VOFX\S_Enemy_VOFX_GetHit-070.uasset (0.13MB)
  - Content\SanderAudio\Sources\DefaultEnemy\VOFX\S_Enemy_VOFX_GetHit-071.uasset (0.13MB)
  - Content\SanderAudio\Sources\DefaultEnemy\VOFX\S_Enemy_VOFX_GetHit-072.uasset (0.12MB)
  - Content\SanderAudio\Sources\Environment\A_Ambience_LoopCut.uasset (2.74MB)
  - Content\SanderAudio\Sources\Environment\MSS_Ambience.uasset (0.05MB)
  - Content\SanderAudio\Sources\Environment\MSS_Environmental_BarrelAftermath.uasset (0.13MB)
  - Content\SanderAudio\Sources\Environment\MSS_Environmental_BarrelExplode.uasset (0.12MB)
  - Content\SanderAudio\Sources\Environment\S_Environmental_Barrel_Explosion-001.uasset (0.19MB)
  - Content\SanderAudio\Sources\Environment\S_Environmental_Barrel_Explosion-002.uasset (0.21MB)
  - Content\SanderAudio\Sources\Environment\S_Environmental_Barrel_Explosion-003.uasset (0.21MB)
  - Content\SanderAudio\Sources\Environment\S_Environmental_Barrel_Explosion-004.uasset (0.16MB)
  - Content\SanderAudio\Sources\Environment\S_Environmental_Barrel_Explosion-005.uasset (0.15MB)
  - Content\SanderAudio\Sources\Environment\S_Environmental_Barrel_Explosion-006.uasset (0.11MB)
  - Content\SanderAudio\Sources\Environment\S_Environmental_Barrel_Explosion-007.uasset (0.18MB)
  - Content\SanderAudio\Sources\Environment\S_Environmental_Barrel_Explosion-008.uasset (0.17MB)
  - Content\SanderAudio\Sources\Environment\S_Environmental_Barrel_Explosion-009.uasset (0.22MB)
  - Content\SanderAudio\Sources\Environment\S_Environmental_Barrel_FireAftermath-001.uasset (0.76MB)
  - Content\SanderAudio\Sources\Environment\S_Environmental_Barrel_FireAftermath-002.uasset (0.86MB)
  - Content\SanderAudio\Sources\Environment\S_Environmental_Barrel_FireAftermath-003.uasset (0.80MB)
  - Content\SanderAudio\Sources\Environment\S_Environmental_Barrel_FireAftermath-004.uasset (1.20MB)
  - Content\SanderAudio\Sources\Environment\S_Environmental_Barrel_FireAftermath-005.uasset (0.82MB)
  - Content\SanderAudio\Sources\Environment\S_Environmental_Barrel_Impact-001.uasset (0.14MB)
  - Content\SanderAudio\Sources\Environment\S_Environmental_Barrel_Impact-002.uasset (0.18MB)
  - Content\SanderAudio\Sources\Environment\S_Environmental_Barrel_Impact-003.uasset (0.20MB)
  - Content\SanderAudio\Sources\Environment\S_Environmental_Barrel_Impact-004.uasset (0.22MB)
  - Content\SanderAudio\Sources\Environment\S_Environmental_Barrel_Impact-005.uasset (0.22MB)
  - Content\SanderAudio\Sources\Environment\S_Environmental_Barrel_Impact-006.uasset (0.22MB)
  - Content\SanderAudio\Sources\Environment\S_Environmental_Barrel_Impact-007.uasset (0.23MB)
  - Content\SanderAudio\Sources\Environment\S_Environmental_Barrel_Impact-008.uasset (0.23MB)
  - Content\SanderAudio\Sources\Environment\S_Environmental_Barrel_Impact-009.uasset (0.41MB)
  - Content\SanderAudio\Sources\Environment\S_Environmental_Barrel_Impact-010.uasset (0.22MB)
  - Content\SanderAudio\Sources\Environment\S_Environmental_Barrel_Impact-011.uasset (0.22MB)
  - Content\SanderAudio\Sources\Environment\S_Environmental_Barrel_Impact-012.uasset (0.23MB)
  - Content\SanderAudio\Sources\Environment\S_Environmental_Barrel_Impact-013.uasset (0.24MB)
  - Content\SanderAudio\Sources\Environment\S_Environmental_Barrel_Impact-014.uasset (0.24MB)
  - Content\SanderAudio\Sources\Environment\S_Environmental_Barrel_Impact-015.uasset (0.32MB)
  - Content\SanderAudio\Sources\Environment\S_Environmental_Barrel_Impact-016.uasset (0.24MB)
  - Content\SanderAudio\Sources\Environment\S_Environmental_Barrel_Impact-017.uasset (0.24MB)
  - Content\SanderAudio\Sources\Environment\S_Environmental_Barrel_Impact-018.uasset (0.27MB)
  - Content\SanderAudio\Sources\Environment\S_Environmental_Barrel_Impact-019.uasset (0.31MB)
  - Content\SanderAudio\Sources\Environment\S_Environmental_Barrel_Impact-020.uasset (0.25MB)
  - Content\SanderAudio\Sources\Environment\S_Environmental_Barrel_Impact-021.uasset (0.21MB)
  - Content\SanderAudio\Sources\Environment\S_Environmental_Barrel_Impact-022.uasset (0.19MB)
  - Content\SanderAudio\Sources\Environment\S_Environmental_Barrel_Impact-023.uasset (0.17MB)
  - Content\SanderAudio\Sources\Environment\S_Environmental_Barrel_Impact-024.uasset (0.28MB)
  - Content\SanderAudio\Sources\Interactables\MSS_Consumables_HealthPotion.uasset (0.12MB)
  - Content\SanderAudio\Sources\Interactables\MSS_Interactables_AbilityOrb.uasset (0.11MB)
  - Content\SanderAudio\Sources\Interactables\MSS_Interactables_CurrencyPickup.uasset (0.69MB)
  - Content\SanderAudio\Sources\Interactables\MSS_Interactables_TreasureChestOpen.uasset (0.09MB)
  - Content\SanderAudio\Sources\Interactables\S_Consumables_HealthPotion_Bubbles-001.uasset (0.06MB)
  - Content\SanderAudio\Sources\Interactables\S_Consumables_HealthPotion_Bubbles-002.uasset (0.06MB)
  - Content\SanderAudio\Sources\Interactables\S_Consumables_HealthPotion_Bubbles-003.uasset (0.06MB)
  - Content\SanderAudio\Sources\Interactables\S_Consumables_HealthPotion_Bubbles-004.uasset (0.06MB)
  - Content\SanderAudio\Sources\Interactables\S_Consumables_HealthPotion_Bubbles-005.uasset (0.07MB)
  - Content\SanderAudio\Sources\Interactables\S_Consumables_HealthPotion_Bubbles-006.uasset (0.07MB)
  - Content\SanderAudio\Sources\Interactables\S_Consumables_HealthPotion_Bubbles-007.uasset (0.07MB)
  - Content\SanderAudio\Sources\Interactables\S_Consumables_HealthPotion_Bubbles-008.uasset (0.05MB)
  - Content\SanderAudio\Sources\Interactables\S_Consumables_HealthPotion_Bubbles-009.uasset (0.06MB)
  - Content\SanderAudio\Sources\Interactables\S_Consumables_HealthPotion_Bubbles-010.uasset (0.05MB)
  - Content\SanderAudio\Sources\Interactables\S_Consumables_HealthPotion_Bubbles-011.uasset (0.03MB)
  - Content\SanderAudio\Sources\Interactables\S_Consumables_HealthPotion_Bubbles-012.uasset (0.06MB)
  - Content\SanderAudio\Sources\Interactables\S_Consumables_HealthPotion_Bubbles-013.uasset (0.05MB)
  - Content\SanderAudio\Sources\Interactables\S_Consumables_HealthPotion_Bubbles-014.uasset (0.06MB)
  - Content\SanderAudio\Sources\Interactables\S_Consumables_HealthPotion_Bubbles-015.uasset (0.06MB)
  - Content\SanderAudio\Sources\Interactables\S_Consumables_HealthPotion_Bubbles-016.uasset (0.06MB)
  - Content\SanderAudio\Sources\Interactables\S_Consumables_HealthPotion_Bubbles-017.uasset (0.06MB)
  - Content\SanderAudio\Sources\Interactables\S_Consumables_HealthPotion_Bubbles-018.uasset (0.07MB)
  - Content\SanderAudio\Sources\Interactables\S_Consumables_HealthPotion_Bubbles-019.uasset (0.07MB)
  - Content\SanderAudio\Sources\Interactables\S_Consumables_HealthPotion_Bubbles-020.uasset (0.07MB)
  - Content\SanderAudio\Sources\Interactables\S_Consumables_HealthPotion_Bubbles-021.uasset (0.07MB)
  - Content\SanderAudio\Sources\Interactables\S_Consumables_HealthPotion_Bubbles-022.uasset (0.07MB)
  - Content\SanderAudio\Sources\Interactables\S_Consumables_HealthPotion_Bubbles-023.uasset (0.07MB)
  - Content\SanderAudio\Sources\Interactables\S_Consumables_HealthPotion_Bubbles-024.uasset (0.06MB)
  - Content\SanderAudio\Sources\Interactables\S_Consumables_HealthPotion_Cork-001.uasset (0.02MB)
  - Content\SanderAudio\Sources\Interactables\S_Consumables_HealthPotion_Cork-002.uasset (0.02MB)
  - Content\SanderAudio\Sources\Interactables\S_Consumables_HealthPotion_Cork-003.uasset (0.02MB)
  - Content\SanderAudio\Sources\Interactables\S_Consumables_HealthPotion_Cork-004.uasset (0.02MB)
  - Content\SanderAudio\Sources\Interactables\S_Consumables_HealthPotion_Cork-005.uasset (0.02MB)
  - Content\SanderAudio\Sources\Interactables\S_Consumables_HealthPotion_Cork-006.uasset (0.02MB)
  - Content\SanderAudio\Sources\Interactables\S_Consumables_HealthPotion_Cork-007.uasset (0.02MB)
  - Content\SanderAudio\Sources\Interactables\S_Consumables_HealthPotion_Cork-008.uasset (0.02MB)
  - Content\SanderAudio\Sources\Interactables\S_Consumables_HealthPotion_Magic-001.uasset (0.08MB)
  - Content\SanderAudio\Sources\Interactables\S_Consumables_HealthPotion_Magic-002.uasset (0.08MB)
  - Content\SanderAudio\Sources\Interactables\S_Consumables_HealthPotion_Magic-003.uasset (0.08MB)
  - Content\SanderAudio\Sources\Interactables\S_Consumables_HealthPotion_Sub-001.uasset (0.09MB)
  - Content\SanderAudio\Sources\Interactables\S_Consumables_HealthPotion_Sub-002.uasset (0.07MB)
  - Content\SanderAudio\Sources\Interactables\S_Consumables_HealthPotion_Sub-003.uasset (0.05MB)
  - Content\SanderAudio\Sources\Interactables\S_Interactables_AbilityOrb_Loop.uasset (2.38MB)
  - Content\SanderAudio\Sources\Interactables\S_Interactables_AbilityOrb_Pickup.uasset (0.46MB)
  - Content\SanderAudio\Sources\Interactables\S_Interactables_Loot_Coin-001.uasset (0.10MB)
  - Content\SanderAudio\Sources\Interactables\S_Interactables_Loot_Coin-002.uasset (0.07MB)
  - Content\SanderAudio\Sources\Interactables\S_Interactables_Loot_Coin-003.uasset (0.06MB)
  - Content\SanderAudio\Sources\Interactables\S_Interactables_Loot_Coin-004.uasset (0.05MB)
  - Content\SanderAudio\Sources\Interactables\S_Interactables_Loot_Coin-005.uasset (0.05MB)
  - Content\SanderAudio\Sources\Interactables\S_Interactables_Loot_Coin-006.uasset (0.06MB)
  - Content\SanderAudio\Sources\Interactables\S_Interactables_Loot_Coin-007.uasset (0.07MB)
  - Content\SanderAudio\Sources\Interactables\S_Interactables_Loot_Coin-008.uasset (0.06MB)
  - Content\SanderAudio\Sources\Interactables\S_Interactables_Loot_Coin-009.uasset (0.05MB)
  - Content\SanderAudio\Sources\Interactables\S_Interactables_Loot_Coin-010.uasset (0.06MB)
  - Content\SanderAudio\Sources\Interactables\S_Interactables_Loot_Coin-011.uasset (0.06MB)
  - Content\SanderAudio\Sources\Interactables\S_Interactables_Loot_Coin-012.uasset (0.06MB)
  - Content\SanderAudio\Sources\Interactables\S_Interactables_Loot_Coin-013.uasset (0.04MB)
  - Content\SanderAudio\Sources\Interactables\S_Interactables_Loot_Coin-014.uasset (0.04MB)
  - Content\SanderAudio\Sources\Interactables\S_Interactables_Loot_Coin-015.uasset (0.06MB)
  - Content\SanderAudio\Sources\Interactables\S_Interactables_Loot_Coin-016.uasset (0.07MB)
  - Content\SanderAudio\Sources\Interactables\S_Interactables_Loot_Coin-017.uasset (0.07MB)
  - Content\SanderAudio\Sources\Interactables\S_Interactables_Loot_Coin-018.uasset (0.07MB)
  - Content\SanderAudio\Sources\Interactables\S_Interactables_Loot_Coin-019.uasset (0.06MB)
  - Content\SanderAudio\Sources\Interactables\S_Interactables_Loot_Coin-020.uasset (0.05MB)
  - Content\SanderAudio\Sources\Interactables\S_Interactables_Loot_Coin-021.uasset (0.05MB)
  - Content\SanderAudio\Sources\Interactables\S_Interactables_TreasureChest_Open-001.uasset (0.84MB)

Chunk #20 (26 files, 25.00MB):
  - Content\SanderAudio\Sources\Interactables\S_Interactables_TreasureChest_Open-002.uasset (0.83MB)
  - Content\SanderAudio\Sources\Interactables\S_Interactables_TreasureChest_Open-003.uasset (0.83MB)
  - Content\SanderAudio\Sources\Interactables\S_Interactables_TreasureChest_Open-004.uasset (0.87MB)
  - Content\SanderAudio\Sources\Interactables\S_Interactables_TreasureChest_Open-005.uasset (0.80MB)
  - Content\SanderAudio\Sources\Interactables\S_Interactables_TreasureChest_Open-006.uasset (0.80MB)
  - Content\SanderAudio\Sources\Interactables\S_Interactables_TreasureChest_Open-007.uasset (0.83MB)
  - Content\SanderAudio\Sources\Interactables\S_Interactables_TreasureChest_Open-008.uasset (0.88MB)
  - Content\SanderAudio\Sources\Music\BuildingBlocks\S_Music_CombatThreatHigh01_01.uasset (0.97MB)
  - Content\SanderAudio\Sources\Music\BuildingBlocks\S_Music_CombatThreatHigh01_02.uasset (0.69MB)
  - Content\SanderAudio\Sources\Music\BuildingBlocks\S_Music_CombatThreatHigh01_03.uasset (0.83MB)
  - Content\SanderAudio\Sources\Music\BuildingBlocks\S_Music_CombatThreatHigh01_04.uasset (1.32MB)
  - Content\SanderAudio\Sources\Music\BuildingBlocks\S_Music_CombatThreatHigh02_01.uasset (0.83MB)
  - Content\SanderAudio\Sources\Music\BuildingBlocks\S_Music_CombatThreatHigh02_02.uasset (0.69MB)
  - Content\SanderAudio\Sources\Music\BuildingBlocks\S_Music_CombatThreatHigh02_03.uasset (1.02MB)
  - Content\SanderAudio\Sources\Music\BuildingBlocks\S_Music_CombatThreatHigh02_04.uasset (0.54MB)
  - Content\SanderAudio\Sources\Music\BuildingBlocks\S_Music_CombatThreatHigh03_01.uasset (0.81MB)
  - Content\SanderAudio\Sources\Music\BuildingBlocks\S_Music_CombatThreatHigh03_02.uasset (0.91MB)
  - Content\SanderAudio\Sources\Music\BuildingBlocks\S_Music_CombatThreatHigh03_03.uasset (1.07MB)
  - Content\SanderAudio\Sources\Music\BuildingBlocks\S_Music_CombatThreatHigh03_04.uasset (0.96MB)
  - Content\SanderAudio\Sources\Music\BuildingBlocks\S_Music_CombatThreatHigh04_01.uasset (0.91MB)
  - Content\SanderAudio\Sources\Music\BuildingBlocks\S_Music_CombatThreatHigh04_02.uasset (1.05MB)
  - Content\SanderAudio\Sources\Music\BuildingBlocks\S_Music_CombatThreatHigh04_03.uasset (0.85MB)
  - Content\SanderAudio\Sources\Music\BuildingBlocks\S_Music_CombatThreatHigh04_04.uasset (1.18MB)
  - Content\SanderAudio\Sources\Music\BuildingBlocks\S_Music_CombatThreatLow01_01.uasset (1.67MB)
  - Content\SanderAudio\Sources\Music\BuildingBlocks\S_Music_CombatThreatLow01_02.uasset (1.44MB)
  - Content\SanderAudio\Sources\Music\BuildingBlocks\S_Music_CombatThreatLow01_03.uasset (1.44MB)

Chunk #21 (18 files, 23.86MB):
  - Content\SanderAudio\Sources\Music\BuildingBlocks\S_Music_CombatThreatLow01_04.uasset (1.29MB)
  - Content\SanderAudio\Sources\Music\BuildingBlocks\S_Music_CombatThreatLow02_01.uasset (1.44MB)
  - Content\SanderAudio\Sources\Music\BuildingBlocks\S_Music_CombatThreatLow02_02.uasset (1.54MB)
  - Content\SanderAudio\Sources\Music\BuildingBlocks\S_Music_CombatThreatLow02_03.uasset (1.61MB)
  - Content\SanderAudio\Sources\Music\BuildingBlocks\S_Music_CombatThreatLow02_04.uasset (0.88MB)
  - Content\SanderAudio\Sources\Music\BuildingBlocks\S_Music_CombatThreatLow03_01.uasset (1.06MB)
  - Content\SanderAudio\Sources\Music\BuildingBlocks\S_Music_CombatThreatLow03_02.uasset (1.27MB)
  - Content\SanderAudio\Sources\Music\BuildingBlocks\S_Music_CombatThreatLow03_03.uasset (1.27MB)
  - Content\SanderAudio\Sources\Music\BuildingBlocks\S_Music_CombatThreatLow03_04.uasset (1.41MB)
  - Content\SanderAudio\Sources\Music\BuildingBlocks\S_Music_CombatThreatLow04_01.uasset (1.55MB)
  - Content\SanderAudio\Sources\Music\BuildingBlocks\S_Music_CombatThreatLow04_02.uasset (1.03MB)
  - Content\SanderAudio\Sources\Music\BuildingBlocks\S_Music_CombatThreatLow04_03.uasset (1.37MB)
  - Content\SanderAudio\Sources\Music\BuildingBlocks\S_Music_CombatThreatLow04_04.uasset (1.27MB)
  - Content\SanderAudio\Sources\Music\BuildingBlocks\S_Music_CombatThreatMed01_01.uasset (1.58MB)
  - Content\SanderAudio\Sources\Music\BuildingBlocks\S_Music_CombatThreatMed01_02.uasset (1.40MB)
  - Content\SanderAudio\Sources\Music\BuildingBlocks\S_Music_CombatThreatMed01_03.uasset (1.30MB)
  - Content\SanderAudio\Sources\Music\BuildingBlocks\S_Music_CombatThreatMed01_04.uasset (1.31MB)
  - Content\SanderAudio\Sources\Music\BuildingBlocks\S_Music_CombatThreatMed02_01.uasset (1.30MB)

Chunk #22 (23 files, 24.64MB):
  - Content\SanderAudio\Sources\Music\BuildingBlocks\S_Music_CombatThreatMed02_02.uasset (1.29MB)
  - Content\SanderAudio\Sources\Music\BuildingBlocks\S_Music_CombatThreatMed02_03.uasset (0.97MB)
  - Content\SanderAudio\Sources\Music\BuildingBlocks\S_Music_CombatThreatMed02_04.uasset (1.00MB)
  - Content\SanderAudio\Sources\Music\BuildingBlocks\S_Music_CombatThreatMed03_01.uasset (1.08MB)
  - Content\SanderAudio\Sources\Music\BuildingBlocks\S_Music_CombatThreatMed03_02.uasset (1.11MB)
  - Content\SanderAudio\Sources\Music\BuildingBlocks\S_Music_CombatThreatMed03_03.uasset (1.48MB)
  - Content\SanderAudio\Sources\Music\BuildingBlocks\S_Music_CombatThreatMed03_04.uasset (0.78MB)
  - Content\SanderAudio\Sources\Music\BuildingBlocks\S_Music_CombatThreatMed04_01.uasset (1.54MB)
  - Content\SanderAudio\Sources\Music\BuildingBlocks\S_Music_CombatThreatMed04_02.uasset (1.02MB)
  - Content\SanderAudio\Sources\Music\BuildingBlocks\S_Music_CombatThreatMed04_03.uasset (1.26MB)
  - Content\SanderAudio\Sources\Music\BuildingBlocks\S_Music_CombatThreatMed04_04.uasset (1.77MB)
  - Content\SanderAudio\Sources\Music\BuildingBlocks\S_Music_ProximityThreatHigh01_01.uasset (0.98MB)
  - Content\SanderAudio\Sources\Music\BuildingBlocks\S_Music_ProximityThreatHigh01_02.uasset (1.11MB)
  - Content\SanderAudio\Sources\Music\BuildingBlocks\S_Music_ProximityThreatHigh01_03.uasset (1.09MB)
  - Content\SanderAudio\Sources\Music\BuildingBlocks\S_Music_ProximityThreatHigh01_04.uasset (0.93MB)
  - Content\SanderAudio\Sources\Music\BuildingBlocks\S_Music_ProximityThreatHigh02_01.uasset (0.69MB)
  - Content\SanderAudio\Sources\Music\BuildingBlocks\S_Music_ProximityThreatHigh02_02.uasset (0.75MB)
  - Content\SanderAudio\Sources\Music\BuildingBlocks\S_Music_ProximityThreatHigh02_03.uasset (0.73MB)
  - Content\SanderAudio\Sources\Music\BuildingBlocks\S_Music_ProximityThreatHigh02_04.uasset (0.67MB)
  - Content\SanderAudio\Sources\Music\BuildingBlocks\S_Music_ProximityThreatHigh03_01.uasset (0.99MB)
  - Content\SanderAudio\Sources\Music\BuildingBlocks\S_Music_ProximityThreatHigh03_02.uasset (1.25MB)
  - Content\SanderAudio\Sources\Music\BuildingBlocks\S_Music_ProximityThreatHigh03_03.uasset (1.08MB)
  - Content\SanderAudio\Sources\Music\BuildingBlocks\S_Music_ProximityThreatHigh03_04.uasset (1.06MB)

Chunk #23 (62 files, 24.82MB):
  - Content\SanderAudio\Sources\Music\BuildingBlocks\S_Music_ProximityThreatHigh04_01.uasset (1.36MB)
  - Content\SanderAudio\Sources\Music\BuildingBlocks\S_Music_ProximityThreatHigh04_02.uasset (1.41MB)
  - Content\SanderAudio\Sources\Music\BuildingBlocks\S_Music_ProximityThreatHigh04_03.uasset (1.48MB)
  - Content\SanderAudio\Sources\Music\BuildingBlocks\S_Music_ProximityThreatHigh04_04.uasset (1.44MB)
  - Content\SanderAudio\Sources\Music\BuildingBlocks\S_Music_ProximityThreatLow01_A_I-01.uasset (0.24MB)
  - Content\SanderAudio\Sources\Music\BuildingBlocks\S_Music_ProximityThreatLow01_A_I-02.uasset (0.26MB)
  - Content\SanderAudio\Sources\Music\BuildingBlocks\S_Music_ProximityThreatLow01_A_I-03.uasset (0.28MB)
  - Content\SanderAudio\Sources\Music\BuildingBlocks\S_Music_ProximityThreatLow01_A_I-04.uasset (0.27MB)
  - Content\SanderAudio\Sources\Music\BuildingBlocks\S_Music_ProximityThreatLow01_A_I.uasset (0.33MB)
  - Content\SanderAudio\Sources\Music\BuildingBlocks\S_Music_ProximityThreatLow01_A_II-01.uasset (0.25MB)
  - Content\SanderAudio\Sources\Music\BuildingBlocks\S_Music_ProximityThreatLow01_A_II-02.uasset (0.26MB)
  - Content\SanderAudio\Sources\Music\BuildingBlocks\S_Music_ProximityThreatLow01_A_II-03.uasset (0.33MB)
  - Content\SanderAudio\Sources\Music\BuildingBlocks\S_Music_ProximityThreatLow01_A_II-04.uasset (0.27MB)
  - Content\SanderAudio\Sources\Music\BuildingBlocks\S_Music_ProximityThreatLow01_A_II.uasset (0.30MB)
  - Content\SanderAudio\Sources\Music\BuildingBlocks\S_Music_ProximityThreatLow01_A_III-01.uasset (0.37MB)
  - Content\SanderAudio\Sources\Music\BuildingBlocks\S_Music_ProximityThreatLow01_A_III-02.uasset (0.46MB)
  - Content\SanderAudio\Sources\Music\BuildingBlocks\S_Music_ProximityThreatLow01_A_III-03.uasset (0.42MB)
  - Content\SanderAudio\Sources\Music\BuildingBlocks\S_Music_ProximityThreatLow01_A_III.uasset (0.39MB)
  - Content\SanderAudio\Sources\Music\BuildingBlocks\S_Music_ProximityThreatLow01_B_I-01.uasset (0.27MB)
  - Content\SanderAudio\Sources\Music\BuildingBlocks\S_Music_ProximityThreatLow01_B_I-02.uasset (0.36MB)
  - Content\SanderAudio\Sources\Music\BuildingBlocks\S_Music_ProximityThreatLow01_B_I-03.uasset (0.31MB)
  - Content\SanderAudio\Sources\Music\BuildingBlocks\S_Music_ProximityThreatLow01_B_I.uasset (0.26MB)
  - Content\SanderAudio\Sources\Music\BuildingBlocks\S_Music_ProximityThreatLow01_B_II-01.uasset (0.21MB)
  - Content\SanderAudio\Sources\Music\BuildingBlocks\S_Music_ProximityThreatLow01_B_II-02.uasset (0.27MB)
  - Content\SanderAudio\Sources\Music\BuildingBlocks\S_Music_ProximityThreatLow01_B_II-03.uasset (0.31MB)
  - Content\SanderAudio\Sources\Music\BuildingBlocks\S_Music_ProximityThreatLow01_B_II.uasset (0.25MB)
  - Content\SanderAudio\Sources\Music\BuildingBlocks\S_Music_ProximityThreatLow01_B_III-01.uasset (0.39MB)
  - Content\SanderAudio\Sources\Music\BuildingBlocks\S_Music_ProximityThreatLow01_B_III-02.uasset (0.39MB)
  - Content\SanderAudio\Sources\Music\BuildingBlocks\S_Music_ProximityThreatLow01_B_III-03.uasset (0.45MB)
  - Content\SanderAudio\Sources\Music\BuildingBlocks\S_Music_ProximityThreatLow01_B_III.uasset (0.37MB)
  - Content\SanderAudio\Sources\Music\BuildingBlocks\S_Music_ProximityThreatLow01_C_I-01.uasset (0.27MB)
  - Content\SanderAudio\Sources\Music\BuildingBlocks\S_Music_ProximityThreatLow01_C_I-02.uasset (0.30MB)
  - Content\SanderAudio\Sources\Music\BuildingBlocks\S_Music_ProximityThreatLow01_C_I-03.uasset (0.33MB)
  - Content\SanderAudio\Sources\Music\BuildingBlocks\S_Music_ProximityThreatLow01_C_I.uasset (0.37MB)
  - Content\SanderAudio\Sources\Music\BuildingBlocks\S_Music_ProximityThreatLow01_C_II-01.uasset (0.24MB)
  - Content\SanderAudio\Sources\Music\BuildingBlocks\S_Music_ProximityThreatLow01_C_II-02.uasset (0.22MB)
  - Content\SanderAudio\Sources\Music\BuildingBlocks\S_Music_ProximityThreatLow01_C_II-03.uasset (0.37MB)
  - Content\SanderAudio\Sources\Music\BuildingBlocks\S_Music_ProximityThreatLow01_C_II.uasset (0.30MB)
  - Content\SanderAudio\Sources\Music\BuildingBlocks\S_Music_ProximityThreatLow01_C_III-01.uasset (0.45MB)
  - Content\SanderAudio\Sources\Music\BuildingBlocks\S_Music_ProximityThreatLow01_C_III-02.uasset (0.38MB)
  - Content\SanderAudio\Sources\Music\BuildingBlocks\S_Music_ProximityThreatLow01_C_III-03.uasset (0.31MB)
  - Content\SanderAudio\Sources\Music\BuildingBlocks\S_Music_ProximityThreatLow01_C_III.uasset (0.46MB)
  - Content\SanderAudio\Sources\Music\BuildingBlocks\S_Music_ProximityThreatLow01_D_I-01.uasset (0.29MB)
  - Content\SanderAudio\Sources\Music\BuildingBlocks\S_Music_ProximityThreatLow01_D_I-02.uasset (0.24MB)
  - Content\SanderAudio\Sources\Music\BuildingBlocks\S_Music_ProximityThreatLow01_D_I-03.uasset (0.29MB)
  - Content\SanderAudio\Sources\Music\BuildingBlocks\S_Music_ProximityThreatLow01_D_I-04.uasset (0.29MB)
  - Content\SanderAudio\Sources\Music\BuildingBlocks\S_Music_ProximityThreatLow01_D_I.uasset (0.32MB)
  - Content\SanderAudio\Sources\Music\BuildingBlocks\S_Music_ProximityThreatLow01_D_II-01.uasset (0.32MB)
  - Content\SanderAudio\Sources\Music\BuildingBlocks\S_Music_ProximityThreatLow01_D_II-02.uasset (0.26MB)
  - Content\SanderAudio\Sources\Music\BuildingBlocks\S_Music_ProximityThreatLow01_D_II-03.uasset (0.28MB)
  - Content\SanderAudio\Sources\Music\BuildingBlocks\S_Music_ProximityThreatLow01_D_II-04.uasset (0.34MB)
  - Content\SanderAudio\Sources\Music\BuildingBlocks\S_Music_ProximityThreatLow01_D_II.uasset (0.37MB)
  - Content\SanderAudio\Sources\Music\BuildingBlocks\S_Music_ProximityThreatLow01_D_III-01.uasset (0.43MB)
  - Content\SanderAudio\Sources\Music\BuildingBlocks\S_Music_ProximityThreatLow01_D_III-02.uasset (0.39MB)
  - Content\SanderAudio\Sources\Music\BuildingBlocks\S_Music_ProximityThreatLow01_D_III-03.uasset (0.33MB)
  - Content\SanderAudio\Sources\Music\BuildingBlocks\S_Music_ProximityThreatLow01_D_III-04.uasset (0.45MB)
  - Content\SanderAudio\Sources\Music\BuildingBlocks\S_Music_ProximityThreatLow01_D_III.uasset (0.47MB)
  - Content\SanderAudio\Sources\Music\BuildingBlocks\S_Music_ProximityThreatLow02_A_I-01.uasset (0.38MB)
  - Content\SanderAudio\Sources\Music\BuildingBlocks\S_Music_ProximityThreatLow02_A_I-02.uasset (0.36MB)
  - Content\SanderAudio\Sources\Music\BuildingBlocks\S_Music_ProximityThreatLow02_A_I-03.uasset (0.32MB)
  - Content\SanderAudio\Sources\Music\BuildingBlocks\S_Music_ProximityThreatLow02_A_I-04.uasset (0.30MB)
  - Content\SanderAudio\Sources\Music\BuildingBlocks\S_Music_ProximityThreatLow02_A_I.uasset (0.41MB)

Chunk #24 (59 files, 24.82MB):
  - Content\SanderAudio\Sources\Music\BuildingBlocks\S_Music_ProximityThreatLow02_A_II-01.uasset (0.39MB)
  - Content\SanderAudio\Sources\Music\BuildingBlocks\S_Music_ProximityThreatLow02_A_II-02.uasset (0.36MB)
  - Content\SanderAudio\Sources\Music\BuildingBlocks\S_Music_ProximityThreatLow02_A_II-03.uasset (0.34MB)
  - Content\SanderAudio\Sources\Music\BuildingBlocks\S_Music_ProximityThreatLow02_A_II-04.uasset (0.30MB)
  - Content\SanderAudio\Sources\Music\BuildingBlocks\S_Music_ProximityThreatLow02_A_II.uasset (0.40MB)
  - Content\SanderAudio\Sources\Music\BuildingBlocks\S_Music_ProximityThreatLow02_A_III-01.uasset (0.60MB)
  - Content\SanderAudio\Sources\Music\BuildingBlocks\S_Music_ProximityThreatLow02_A_III-02.uasset (0.55MB)
  - Content\SanderAudio\Sources\Music\BuildingBlocks\S_Music_ProximityThreatLow02_A_III-03.uasset (0.51MB)
  - Content\SanderAudio\Sources\Music\BuildingBlocks\S_Music_ProximityThreatLow02_A_III.uasset (0.63MB)
  - Content\SanderAudio\Sources\Music\BuildingBlocks\S_Music_ProximityThreatLow02_B_I-01.uasset (0.38MB)
  - Content\SanderAudio\Sources\Music\BuildingBlocks\S_Music_ProximityThreatLow02_B_I-02.uasset (0.36MB)
  - Content\SanderAudio\Sources\Music\BuildingBlocks\S_Music_ProximityThreatLow02_B_I-03.uasset (0.35MB)
  - Content\SanderAudio\Sources\Music\BuildingBlocks\S_Music_ProximityThreatLow02_B_I.uasset (0.40MB)
  - Content\SanderAudio\Sources\Music\BuildingBlocks\S_Music_ProximityThreatLow02_B_II-01.uasset (0.35MB)
  - Content\SanderAudio\Sources\Music\BuildingBlocks\S_Music_ProximityThreatLow02_B_II-02.uasset (0.38MB)
  - Content\SanderAudio\Sources\Music\BuildingBlocks\S_Music_ProximityThreatLow02_B_II-03.uasset (0.34MB)
  - Content\SanderAudio\Sources\Music\BuildingBlocks\S_Music_ProximityThreatLow02_B_II.uasset (0.39MB)
  - Content\SanderAudio\Sources\Music\BuildingBlocks\S_Music_ProximityThreatLow02_B_III-01.uasset (0.65MB)
  - Content\SanderAudio\Sources\Music\BuildingBlocks\S_Music_ProximityThreatLow02_B_III-02.uasset (0.61MB)
  - Content\SanderAudio\Sources\Music\BuildingBlocks\S_Music_ProximityThreatLow02_B_III-03.uasset (0.55MB)
  - Content\SanderAudio\Sources\Music\BuildingBlocks\S_Music_ProximityThreatLow02_B_III.uasset (0.62MB)
  - Content\SanderAudio\Sources\Music\BuildingBlocks\S_Music_ProximityThreatLow02_C_I-01.uasset (0.40MB)
  - Content\SanderAudio\Sources\Music\BuildingBlocks\S_Music_ProximityThreatLow02_C_I-02.uasset (0.40MB)
  - Content\SanderAudio\Sources\Music\BuildingBlocks\S_Music_ProximityThreatLow02_C_I-03.uasset (0.32MB)
  - Content\SanderAudio\Sources\Music\BuildingBlocks\S_Music_ProximityThreatLow02_C_I.uasset (0.49MB)
  - Content\SanderAudio\Sources\Music\BuildingBlocks\S_Music_ProximityThreatLow02_C_II-01.uasset (0.38MB)
  - Content\SanderAudio\Sources\Music\BuildingBlocks\S_Music_ProximityThreatLow02_C_II-02.uasset (0.37MB)
  - Content\SanderAudio\Sources\Music\BuildingBlocks\S_Music_ProximityThreatLow02_C_II-03.uasset (0.37MB)
  - Content\SanderAudio\Sources\Music\BuildingBlocks\S_Music_ProximityThreatLow02_C_II.uasset (0.40MB)
  - Content\SanderAudio\Sources\Music\BuildingBlocks\S_Music_ProximityThreatLow02_C_III-01.uasset (0.68MB)
  - Content\SanderAudio\Sources\Music\BuildingBlocks\S_Music_ProximityThreatLow02_C_III-02.uasset (0.65MB)
  - Content\SanderAudio\Sources\Music\BuildingBlocks\S_Music_ProximityThreatLow02_C_III-03.uasset (0.53MB)
  - Content\SanderAudio\Sources\Music\BuildingBlocks\S_Music_ProximityThreatLow02_C_III.uasset (0.65MB)
  - Content\SanderAudio\Sources\Music\BuildingBlocks\S_Music_ProximityThreatLow02_D_I-01.uasset (0.41MB)
  - Content\SanderAudio\Sources\Music\BuildingBlocks\S_Music_ProximityThreatLow02_D_I-02.uasset (0.39MB)
  - Content\SanderAudio\Sources\Music\BuildingBlocks\S_Music_ProximityThreatLow02_D_I-03.uasset (0.40MB)
  - Content\SanderAudio\Sources\Music\BuildingBlocks\S_Music_ProximityThreatLow02_D_I-04.uasset (0.34MB)
  - Content\SanderAudio\Sources\Music\BuildingBlocks\S_Music_ProximityThreatLow02_D_I.uasset (0.40MB)
  - Content\SanderAudio\Sources\Music\BuildingBlocks\S_Music_ProximityThreatLow02_D_II-01.uasset (0.42MB)
  - Content\SanderAudio\Sources\Music\BuildingBlocks\S_Music_ProximityThreatLow02_D_II-02.uasset (0.41MB)
  - Content\SanderAudio\Sources\Music\BuildingBlocks\S_Music_ProximityThreatLow02_D_II-03.uasset (0.38MB)
  - Content\SanderAudio\Sources\Music\BuildingBlocks\S_Music_ProximityThreatLow02_D_II-04.uasset (0.35MB)
  - Content\SanderAudio\Sources\Music\BuildingBlocks\S_Music_ProximityThreatLow02_D_II.uasset (0.46MB)
  - Content\SanderAudio\Sources\Music\BuildingBlocks\S_Music_ProximityThreatLow02_D_III-01.uasset (0.65MB)
  - Content\SanderAudio\Sources\Music\BuildingBlocks\S_Music_ProximityThreatLow02_D_III-02.uasset (0.67MB)
  - Content\SanderAudio\Sources\Music\BuildingBlocks\S_Music_ProximityThreatLow02_D_III-03.uasset (0.54MB)
  - Content\SanderAudio\Sources\Music\BuildingBlocks\S_Music_ProximityThreatLow02_D_III-04.uasset (0.54MB)
  - Content\SanderAudio\Sources\Music\BuildingBlocks\S_Music_ProximityThreatLow02_D_III.uasset (0.69MB)
  - Content\SanderAudio\Sources\Music\BuildingBlocks\S_Music_ProximityThreatLow03_A_I-01.uasset (0.20MB)
  - Content\SanderAudio\Sources\Music\BuildingBlocks\S_Music_ProximityThreatLow03_A_I-02.uasset (0.23MB)
  - Content\SanderAudio\Sources\Music\BuildingBlocks\S_Music_ProximityThreatLow03_A_I-03.uasset (0.20MB)
  - Content\SanderAudio\Sources\Music\BuildingBlocks\S_Music_ProximityThreatLow03_A_I-04.uasset (0.23MB)
  - Content\SanderAudio\Sources\Music\BuildingBlocks\S_Music_ProximityThreatLow03_A_I.uasset (0.29MB)
  - Content\SanderAudio\Sources\Music\BuildingBlocks\S_Music_ProximityThreatLow03_A_II-01.uasset (0.21MB)
  - Content\SanderAudio\Sources\Music\BuildingBlocks\S_Music_ProximityThreatLow03_A_II-02.uasset (0.23MB)
  - Content\SanderAudio\Sources\Music\BuildingBlocks\S_Music_ProximityThreatLow03_A_II-03.uasset (0.22MB)
  - Content\SanderAudio\Sources\Music\BuildingBlocks\S_Music_ProximityThreatLow03_A_II-04.uasset (0.23MB)
  - Content\SanderAudio\Sources\Music\BuildingBlocks\S_Music_ProximityThreatLow03_A_II.uasset (0.26MB)
  - Content\SanderAudio\Sources\Music\BuildingBlocks\S_Music_ProximityThreatLow03_A_III-01.uasset (0.36MB)

Chunk #25 (68 files, 24.13MB):
  - Content\SanderAudio\Sources\Music\BuildingBlocks\S_Music_ProximityThreatLow03_A_III-02.uasset (0.32MB)
  - Content\SanderAudio\Sources\Music\BuildingBlocks\S_Music_ProximityThreatLow03_A_III-03.uasset (0.34MB)
  - Content\SanderAudio\Sources\Music\BuildingBlocks\S_Music_ProximityThreatLow03_A_III.uasset (0.35MB)
  - Content\SanderAudio\Sources\Music\BuildingBlocks\S_Music_ProximityThreatLow03_B_I-01.uasset (0.24MB)
  - Content\SanderAudio\Sources\Music\BuildingBlocks\S_Music_ProximityThreatLow03_B_I-02.uasset (0.25MB)
  - Content\SanderAudio\Sources\Music\BuildingBlocks\S_Music_ProximityThreatLow03_B_I-03.uasset (0.22MB)
  - Content\SanderAudio\Sources\Music\BuildingBlocks\S_Music_ProximityThreatLow03_B_I.uasset (0.23MB)
  - Content\SanderAudio\Sources\Music\BuildingBlocks\S_Music_ProximityThreatLow03_B_II-01.uasset (0.18MB)
  - Content\SanderAudio\Sources\Music\BuildingBlocks\S_Music_ProximityThreatLow03_B_II-02.uasset (0.26MB)
  - Content\SanderAudio\Sources\Music\BuildingBlocks\S_Music_ProximityThreatLow03_B_II-03.uasset (0.22MB)
  - Content\SanderAudio\Sources\Music\BuildingBlocks\S_Music_ProximityThreatLow03_B_II.uasset (0.22MB)
  - Content\SanderAudio\Sources\Music\BuildingBlocks\S_Music_ProximityThreatLow03_B_III-01.uasset (0.34MB)
  - Content\SanderAudio\Sources\Music\BuildingBlocks\S_Music_ProximityThreatLow03_B_III-02.uasset (0.39MB)
  - Content\SanderAudio\Sources\Music\BuildingBlocks\S_Music_ProximityThreatLow03_B_III-03.uasset (0.32MB)
  - Content\SanderAudio\Sources\Music\BuildingBlocks\S_Music_ProximityThreatLow03_B_III.uasset (0.34MB)
  - Content\SanderAudio\Sources\Music\BuildingBlocks\S_Music_ProximityThreatLow03_C_I-01.uasset (0.22MB)
  - Content\SanderAudio\Sources\Music\BuildingBlocks\S_Music_ProximityThreatLow03_C_I-02.uasset (0.27MB)
  - Content\SanderAudio\Sources\Music\BuildingBlocks\S_Music_ProximityThreatLow03_C_I-03.uasset (0.21MB)
  - Content\SanderAudio\Sources\Music\BuildingBlocks\S_Music_ProximityThreatLow03_C_I.uasset (0.33MB)
  - Content\SanderAudio\Sources\Music\BuildingBlocks\S_Music_ProximityThreatLow03_C_II-01.uasset (0.22MB)
  - Content\SanderAudio\Sources\Music\BuildingBlocks\S_Music_ProximityThreatLow03_C_II-02.uasset (0.19MB)
  - Content\SanderAudio\Sources\Music\BuildingBlocks\S_Music_ProximityThreatLow03_C_II-03.uasset (0.25MB)
  - Content\SanderAudio\Sources\Music\BuildingBlocks\S_Music_ProximityThreatLow03_C_II.uasset (0.26MB)
  - Content\SanderAudio\Sources\Music\BuildingBlocks\S_Music_ProximityThreatLow03_C_III-01.uasset (0.41MB)
  - Content\SanderAudio\Sources\Music\BuildingBlocks\S_Music_ProximityThreatLow03_C_III-02.uasset (0.34MB)
  - Content\SanderAudio\Sources\Music\BuildingBlocks\S_Music_ProximityThreatLow03_C_III-03.uasset (0.32MB)
  - Content\SanderAudio\Sources\Music\BuildingBlocks\S_Music_ProximityThreatLow03_C_III.uasset (0.43MB)
  - Content\SanderAudio\Sources\Music\BuildingBlocks\S_Music_ProximityThreatLow03_D_I-01.uasset (0.25MB)
  - Content\SanderAudio\Sources\Music\BuildingBlocks\S_Music_ProximityThreatLow03_D_I-02.uasset (0.20MB)
  - Content\SanderAudio\Sources\Music\BuildingBlocks\S_Music_ProximityThreatLow03_D_I-03.uasset (0.27MB)
  - Content\SanderAudio\Sources\Music\BuildingBlocks\S_Music_ProximityThreatLow03_D_I-04.uasset (0.21MB)
  - Content\SanderAudio\Sources\Music\BuildingBlocks\S_Music_ProximityThreatLow03_D_I.uasset (0.29MB)
  - Content\SanderAudio\Sources\Music\BuildingBlocks\S_Music_ProximityThreatLow03_D_II-01.uasset (0.27MB)
  - Content\SanderAudio\Sources\Music\BuildingBlocks\S_Music_ProximityThreatLow03_D_II-02.uasset (0.22MB)
  - Content\SanderAudio\Sources\Music\BuildingBlocks\S_Music_ProximityThreatLow03_D_II-03.uasset (0.26MB)
  - Content\SanderAudio\Sources\Music\BuildingBlocks\S_Music_ProximityThreatLow03_D_II-04.uasset (0.22MB)
  - Content\SanderAudio\Sources\Music\BuildingBlocks\S_Music_ProximityThreatLow03_D_II.uasset (0.33MB)
  - Content\SanderAudio\Sources\Music\BuildingBlocks\S_Music_ProximityThreatLow03_D_III-01.uasset (0.39MB)
  - Content\SanderAudio\Sources\Music\BuildingBlocks\S_Music_ProximityThreatLow03_D_III-02.uasset (0.35MB)
  - Content\SanderAudio\Sources\Music\BuildingBlocks\S_Music_ProximityThreatLow03_D_III-03.uasset (0.30MB)
  - Content\SanderAudio\Sources\Music\BuildingBlocks\S_Music_ProximityThreatLow03_D_III-04.uasset (0.32MB)
  - Content\SanderAudio\Sources\Music\BuildingBlocks\S_Music_ProximityThreatLow03_D_III.uasset (0.49MB)
  - Content\SanderAudio\Sources\Music\BuildingBlocks\S_Music_ProximityThreatLow04_A_I.uasset (0.33MB)
  - Content\SanderAudio\Sources\Music\BuildingBlocks\S_Music_ProximityThreatLow04_A_II.uasset (0.29MB)
  - Content\SanderAudio\Sources\Music\BuildingBlocks\S_Music_ProximityThreatLow04_A_III.uasset (0.38MB)
  - Content\SanderAudio\Sources\Music\BuildingBlocks\S_Music_ProximityThreatLow04_B_I.uasset (0.34MB)
  - Content\SanderAudio\Sources\Music\BuildingBlocks\S_Music_ProximityThreatLow04_B_II.uasset (0.37MB)
  - Content\SanderAudio\Sources\Music\BuildingBlocks\S_Music_ProximityThreatLow04_B_III.uasset (0.54MB)
  - Content\SanderAudio\Sources\Music\BuildingBlocks\S_Music_ProximityThreatLow04_C_I.uasset (0.38MB)
  - Content\SanderAudio\Sources\Music\BuildingBlocks\S_Music_ProximityThreatLow04_C_II.uasset (0.41MB)
  - Content\SanderAudio\Sources\Music\BuildingBlocks\S_Music_ProximityThreatLow04_C_III.uasset (0.47MB)
  - Content\SanderAudio\Sources\Music\BuildingBlocks\S_Music_ProximityThreatLow04_D_I.uasset (0.32MB)
  - Content\SanderAudio\Sources\Music\BuildingBlocks\S_Music_ProximityThreatLow04_D_II.uasset (0.31MB)
  - Content\SanderAudio\Sources\Music\BuildingBlocks\S_Music_ProximityThreatLow04_D_III.uasset (0.36MB)
  - Content\SanderAudio\Sources\Music\BuildingBlocks\S_Music_ProximityThreatLow05_A_I.uasset (0.40MB)
  - Content\SanderAudio\Sources\Music\BuildingBlocks\S_Music_ProximityThreatLow05_A_II.uasset (0.38MB)
  - Content\SanderAudio\Sources\Music\BuildingBlocks\S_Music_ProximityThreatLow05_A_III.uasset (0.60MB)
  - Content\SanderAudio\Sources\Music\BuildingBlocks\S_Music_ProximityThreatLow05_B_I.uasset (0.40MB)
  - Content\SanderAudio\Sources\Music\BuildingBlocks\S_Music_ProximityThreatLow05_B_II.uasset (0.41MB)
  - Content\SanderAudio\Sources\Music\BuildingBlocks\S_Music_ProximityThreatLow05_B_III.uasset (0.67MB)
  - Content\SanderAudio\Sources\Music\BuildingBlocks\S_Music_ProximityThreatLow05_C_I.uasset (0.42MB)
  - Content\SanderAudio\Sources\Music\BuildingBlocks\S_Music_ProximityThreatLow05_C_II.uasset (0.45MB)
  - Content\SanderAudio\Sources\Music\BuildingBlocks\S_Music_ProximityThreatLow05_C_III.uasset (0.54MB)
  - Content\SanderAudio\Sources\Music\BuildingBlocks\S_Music_ProximityThreatLow05_D_I.uasset (0.36MB)
  - Content\SanderAudio\Sources\Music\BuildingBlocks\S_Music_ProximityThreatLow05_D_II.uasset (0.36MB)
  - Content\SanderAudio\Sources\Music\BuildingBlocks\S_Music_ProximityThreatLow05_D_III.uasset (0.47MB)
  - Content\SanderAudio\Sources\Music\BuildingBlocks\S_Music_ProximityThreatMed01_01.uasset (0.99MB)
  - Content\SanderAudio\Sources\Music\BuildingBlocks\S_Music_ProximityThreatMed01_02.uasset (1.11MB)

Chunk #26 (25 files, 24.67MB):
  - Content\SanderAudio\Sources\Music\BuildingBlocks\S_Music_ProximityThreatMed01_03.uasset (1.06MB)
  - Content\SanderAudio\Sources\Music\BuildingBlocks\S_Music_ProximityThreatMed01_04.uasset (0.97MB)
  - Content\SanderAudio\Sources\Music\BuildingBlocks\S_Music_ProximityThreatMed02_01.uasset (0.97MB)
  - Content\SanderAudio\Sources\Music\BuildingBlocks\S_Music_ProximityThreatMed02_02.uasset (1.13MB)
  - Content\SanderAudio\Sources\Music\BuildingBlocks\S_Music_ProximityThreatMed02_03.uasset (1.05MB)
  - Content\SanderAudio\Sources\Music\BuildingBlocks\S_Music_ProximityThreatMed02_04.uasset (0.85MB)
  - Content\SanderAudio\Sources\Music\BuildingBlocks\S_Music_ProximityThreatMed03_01.uasset (1.34MB)
  - Content\SanderAudio\Sources\Music\BuildingBlocks\S_Music_ProximityThreatMed03_02.uasset (1.36MB)
  - Content\SanderAudio\Sources\Music\BuildingBlocks\S_Music_ProximityThreatMed03_03.uasset (1.48MB)
  - Content\SanderAudio\Sources\Music\BuildingBlocks\S_Music_ProximityThreatMed03_04.uasset (1.48MB)
  - Content\SanderAudio\Sources\Music\BuildingBlocks\S_Music_ProximityThreatMed04_01.uasset (1.14MB)
  - Content\SanderAudio\Sources\Music\BuildingBlocks\S_Music_ProximityThreatMed04_02.uasset (1.18MB)
  - Content\SanderAudio\Sources\Music\BuildingBlocks\S_Music_ProximityThreatMed04_03.uasset (1.35MB)
  - Content\SanderAudio\Sources\Music\BuildingBlocks\S_Music_ProximityThreatMed04_04.uasset (1.38MB)
  - Content\SanderAudio\Sources\Music\BuildingBlocks\S_Music_ProximityThreatMed05_01.uasset (1.16MB)
  - Content\SanderAudio\Sources\Music\BuildingBlocks\S_Music_ProximityThreatMed05_02.uasset (1.18MB)
  - Content\SanderAudio\Sources\Music\BuildingBlocks\S_Music_ProximityThreatMed05_03.uasset (1.29MB)
  - Content\SanderAudio\Sources\Music\BuildingBlocks\S_Music_ProximityThreatMed05_04.uasset (1.28MB)
  - Content\SanderAudio\Sources\Music\MSS_Music.uasset (0.19MB)
  - Content\SanderAudio\Sources\Music\MSS_Music_CombatThreatHigh.uasset (0.36MB)
  - Content\SanderAudio\Sources\Music\MSS_Music_CombatThreatLow.uasset (0.36MB)
  - Content\SanderAudio\Sources\Music\MSS_Music_CombatThreatMed.uasset (0.36MB)
  - Content\SanderAudio\Sources\Music\MSS_Music_ProximityThreatHigh.uasset (0.36MB)
  - Content\SanderAudio\Sources\Music\MSS_Music_ProximityThreatLow.uasset (0.97MB)
  - Content\SanderAudio\Sources\Music\MSS_Music_ProximityThreatMed.uasset (0.41MB)

Chunk #27 (122 files, 24.24MB):
  - Content\SanderAudio\Sources\Music\S_Music_CombatThreatHigh.uasset (1.78MB)
  - Content\SanderAudio\Sources\Music\S_Music_CombatThreatLow.uasset (1.67MB)
  - Content\SanderAudio\Sources\Music\S_Music_CombatThreatMedium.uasset (1.41MB)
  - Content\SanderAudio\Sources\Music\S_Music_ProximityThreatHigh.uasset (1.46MB)
  - Content\SanderAudio\Sources\Music\S_Music_ProximityThreatLow.uasset (1.34MB)
  - Content\SanderAudio\Sources\Music\S_Music_ProximityThreatMedium.uasset (1.50MB)
  - Content\SanderAudio\Sources\Player\Combat\MSS_Combat_Abilities_Dash_Cast.uasset (0.09MB)
  - Content\SanderAudio\Sources\Player\Combat\MSS_Combat_Abilities_Dash_Impact.uasset (0.07MB)
  - Content\SanderAudio\Sources\Player\Combat\MSS_Combat_Abilities_Primary_Cast.uasset (0.13MB)
  - Content\SanderAudio\Sources\Player\Combat\MSS_Combat_Abilities_Primary_Impact.uasset (0.09MB)
  - Content\SanderAudio\Sources\Player\Combat\MSS_Combat_Abilities_Primary_Loop.uasset (0.10MB)
  - Content\SanderAudio\Sources\Player\Combat\MSS_Combat_Abilities_Secondary_Cast.uasset (0.09MB)
  - Content\SanderAudio\Sources\Player\Combat\MSS_Combat_Abilities_Secondary_Loop.uasset (0.21MB)
  - Content\SanderAudio\Sources\Player\Combat\S_Combat_Abilities_DashProj_Cast-001.uasset (0.10MB)
  - Content\SanderAudio\Sources\Player\Combat\S_Combat_Abilities_DashProj_Cast-002.uasset (0.09MB)
  - Content\SanderAudio\Sources\Player\Combat\S_Combat_Abilities_DashProj_Cast-003.uasset (0.07MB)
  - Content\SanderAudio\Sources\Player\Combat\S_Combat_Abilities_DashProj_Cast-004.uasset (0.08MB)
  - Content\SanderAudio\Sources\Player\Combat\S_Combat_Abilities_DashProj_Impact-001.uasset (0.20MB)
  - Content\SanderAudio\Sources\Player\Combat\S_Combat_Abilities_DashProj_Impact-002.uasset (0.20MB)
  - Content\SanderAudio\Sources\Player\Combat\S_Combat_Abilities_DashProj_Impact-003.uasset (0.20MB)
  - Content\SanderAudio\Sources\Player\Combat\S_Combat_Abilities_DashProj_Impact-004.uasset (0.20MB)
  - Content\SanderAudio\Sources\Player\Combat\S_Combat_Abilities_Primary_Cast-001.uasset (0.08MB)
  - Content\SanderAudio\Sources\Player\Combat\S_Combat_Abilities_Primary_Cast-002.uasset (0.08MB)
  - Content\SanderAudio\Sources\Player\Combat\S_Combat_Abilities_Primary_Cast-003.uasset (0.08MB)
  - Content\SanderAudio\Sources\Player\Combat\S_Combat_Abilities_Primary_Cast-004.uasset (0.08MB)
  - Content\SanderAudio\Sources\Player\Combat\S_Combat_Abilities_Primary_Cast-005.uasset (0.08MB)
  - Content\SanderAudio\Sources\Player\Combat\S_Combat_Abilities_Primary_Cast-006.uasset (0.08MB)
  - Content\SanderAudio\Sources\Player\Combat\S_Combat_Abilities_Primary_Cast-007.uasset (0.08MB)
  - Content\SanderAudio\Sources\Player\Combat\S_Combat_Abilities_Primary_Cast-008.uasset (0.08MB)
  - Content\SanderAudio\Sources\Player\Combat\S_Combat_Abilities_Primary_Cast-009.uasset (0.08MB)
  - Content\SanderAudio\Sources\Player\Combat\S_Combat_Abilities_Primary_Cast-010.uasset (0.08MB)
  - Content\SanderAudio\Sources\Player\Combat\S_Combat_Abilities_Primary_Cast-011.uasset (0.08MB)
  - Content\SanderAudio\Sources\Player\Combat\S_Combat_Abilities_Primary_Cast-012.uasset (0.08MB)
  - Content\SanderAudio\Sources\Player\Combat\S_Combat_Abilities_Primary_Cast-013.uasset (0.08MB)
  - Content\SanderAudio\Sources\Player\Combat\S_Combat_Abilities_Primary_Cast-014.uasset (0.08MB)
  - Content\SanderAudio\Sources\Player\Combat\S_Combat_Abilities_Primary_Cast-015.uasset (0.08MB)
  - Content\SanderAudio\Sources\Player\Combat\S_Combat_Abilities_Primary_Impact-001.uasset (0.06MB)
  - Content\SanderAudio\Sources\Player\Combat\S_Combat_Abilities_Primary_Impact-002.uasset (0.04MB)
  - Content\SanderAudio\Sources\Player\Combat\S_Combat_Abilities_Primary_Impact-003.uasset (0.05MB)
  - Content\SanderAudio\Sources\Player\Combat\S_Combat_Abilities_Primary_Impact-004.uasset (0.05MB)
  - Content\SanderAudio\Sources\Player\Combat\S_Combat_Abilities_Primary_Impact-005.uasset (0.05MB)
  - Content\SanderAudio\Sources\Player\Combat\S_Combat_Abilities_Primary_Impact-006.uasset (0.05MB)
  - Content\SanderAudio\Sources\Player\Combat\S_Combat_Abilities_Primary_Impact-007.uasset (0.05MB)
  - Content\SanderAudio\Sources\Player\Combat\S_Combat_Abilities_Primary_Impact-008.uasset (0.06MB)
  - Content\SanderAudio\Sources\Player\Combat\S_Combat_Abilities_Primary_Impact-009.uasset (0.04MB)
  - Content\SanderAudio\Sources\Player\Combat\S_Combat_Abilities_Primary_Impact-010.uasset (0.04MB)
  - Content\SanderAudio\Sources\Player\Combat\S_Combat_Abilities_Primary_Impact-011.uasset (0.04MB)
  - Content\SanderAudio\Sources\Player\Combat\S_Combat_Abilities_Primary_Impact-012.uasset (0.04MB)
  - Content\SanderAudio\Sources\Player\Combat\S_Combat_Abilities_Primary_Impact-013.uasset (0.04MB)
  - Content\SanderAudio\Sources\Player\Combat\S_Combat_Abilities_Primary_Impact-014.uasset (0.05MB)
  - Content\SanderAudio\Sources\Player\Combat\S_Combat_Abilities_Primary_Impact-015.uasset (0.05MB)
  - Content\SanderAudio\Sources\Player\Combat\S_Combat_Abilities_Primary_Impact-016.uasset (0.04MB)
  - Content\SanderAudio\Sources\Player\Combat\S_Combat_Abilities_Primary_Loop.uasset (0.28MB)
  - Content\SanderAudio\Sources\Player\Combat\S_Combat_Abilities_Secondary_Cast-001.uasset (0.21MB)
  - Content\SanderAudio\Sources\Player\Combat\S_Combat_Abilities_Secondary_Cast.uasset (0.67MB)
  - Content\SanderAudio\Sources\Player\Combat\S_Combat_Abilities_Secondary_End.uasset (0.04MB)
  - Content\SanderAudio\Sources\Player\Combat\S_Combat_Abilities_Secondary_Loop.uasset (0.41MB)
  - Content\SanderAudio\Sources\Player\Combat\S_Combat_Abilities_Secondary_LoopStart.uasset (0.53MB)
  - Content\SanderAudio\Sources\Player\Combat\S_Combat_Abilities_Secondary_TransitionToEnd.uasset (0.31MB)
  - Content\SanderAudio\Sources\Player\Locomotion\MSS_PlayerLocomotion_Footstep.uasset (0.08MB)
  - Content\SanderAudio\Sources\Player\Locomotion\MSS_PlayerLocomotion_Hover.uasset (0.15MB)
  - Content\SanderAudio\Sources\Player\Locomotion\MSS_PlayerLocomotion_Jump.uasset (0.05MB)
  - Content\SanderAudio\Sources\Player\Locomotion\MSS_PlayerLocomotion_Land.uasset (0.05MB)
  - Content\SanderAudio\Sources\Player\Locomotion\S_PlayerLocomotion_AddFoley_Cloth-001.uasset (0.03MB)
  - Content\SanderAudio\Sources\Player\Locomotion\S_PlayerLocomotion_AddFoley_Cloth-002.uasset (0.03MB)
  - Content\SanderAudio\Sources\Player\Locomotion\S_PlayerLocomotion_AddFoley_Cloth-003.uasset (0.04MB)
  - Content\SanderAudio\Sources\Player\Locomotion\S_PlayerLocomotion_AddFoley_Cloth-004.uasset (0.03MB)
  - Content\SanderAudio\Sources\Player\Locomotion\S_PlayerLocomotion_AddFoley_Cloth-005.uasset (0.04MB)
  - Content\SanderAudio\Sources\Player\Locomotion\S_PlayerLocomotion_AddFoley_Cloth-006.uasset (0.04MB)
  - Content\SanderAudio\Sources\Player\Locomotion\S_PlayerLocomotion_AddFoley_Cloth-007.uasset (0.04MB)
  - Content\SanderAudio\Sources\Player\Locomotion\S_PlayerLocomotion_Footstep_Dirt-001.uasset (0.04MB)
  - Content\SanderAudio\Sources\Player\Locomotion\S_PlayerLocomotion_Footstep_Dirt-002.uasset (0.04MB)
  - Content\SanderAudio\Sources\Player\Locomotion\S_PlayerLocomotion_Footstep_Dirt-003.uasset (0.04MB)
  - Content\SanderAudio\Sources\Player\Locomotion\S_PlayerLocomotion_Footstep_Dirt-004.uasset (0.04MB)
  - Content\SanderAudio\Sources\Player\Locomotion\S_PlayerLocomotion_Footstep_Dirt-005.uasset (0.04MB)
  - Content\SanderAudio\Sources\Player\Locomotion\S_PlayerLocomotion_Footstep_Dirt-006.uasset (0.04MB)
  - Content\SanderAudio\Sources\Player\Locomotion\S_PlayerLocomotion_Footstep_Dirt-007.uasset (0.03MB)
  - Content\SanderAudio\Sources\Player\Locomotion\S_PlayerLocomotion_Footstep_Dirt-008.uasset (0.04MB)
  - Content\SanderAudio\Sources\Player\Locomotion\S_PlayerLocomotion_Footstep_Dirt-009.uasset (0.09MB)
  - Content\SanderAudio\Sources\Player\Locomotion\S_PlayerLocomotion_Footstep_Dirt-010.uasset (0.09MB)
  - Content\SanderAudio\Sources\Player\Locomotion\S_PlayerLocomotion_Footstep_Dirt-011.uasset (0.06MB)
  - Content\SanderAudio\Sources\Player\Locomotion\S_PlayerLocomotion_Footstep_Dirt-012.uasset (0.07MB)
  - Content\SanderAudio\Sources\Player\Locomotion\S_PlayerLocomotion_Footstep_Dirt-013.uasset (0.06MB)
  - Content\SanderAudio\Sources\Player\Locomotion\S_PlayerLocomotion_Footstep_Dirt-014.uasset (0.08MB)
  - Content\SanderAudio\Sources\Player\Locomotion\S_PlayerLocomotion_Footstep_Dirt-015.uasset (0.07MB)
  - Content\SanderAudio\Sources\Player\Locomotion\S_PlayerLocomotion_Footstep_Dirt-016.uasset (0.05MB)
  - Content\SanderAudio\Sources\Player\Locomotion\S_PlayerLocomotion_Footstep_Dirt-017.uasset (0.06MB)
  - Content\SanderAudio\Sources\Player\Locomotion\S_PlayerLocomotion_Footstep_Dirt-018.uasset (0.05MB)
  - Content\SanderAudio\Sources\Player\Locomotion\S_PlayerLocomotion_Footstep_Dirt-019.uasset (0.04MB)
  - Content\SanderAudio\Sources\Player\Locomotion\S_PlayerLocomotion_Footstep_Dirt-020.uasset (0.05MB)
  - Content\SanderAudio\Sources\Player\Locomotion\S_PlayerLocomotion_Footstep_Dirt-021.uasset (0.04MB)
  - Content\SanderAudio\Sources\Player\Locomotion\S_PlayerLocomotion_Footstep_Dirt-022.uasset (0.05MB)
  - Content\SanderAudio\Sources\Player\Locomotion\S_PlayerLocomotion_Footstep_Dirt-023.uasset (0.05MB)
  - Content\SanderAudio\Sources\Player\Locomotion\S_PlayerLocomotion_Footstep_Dirt-024.uasset (0.05MB)
  - Content\SanderAudio\Sources\Player\Locomotion\S_PlayerLocomotion_Footstep_Dirt-025.uasset (0.06MB)
  - Content\SanderAudio\Sources\Player\Locomotion\S_PlayerLocomotion_Hover_Loop.uasset (1.96MB)
  - Content\SanderAudio\Sources\Player\Locomotion\S_PlayerLocomotion_Hover_Start.uasset (0.08MB)
  - Content\SanderAudio\Sources\Player\Locomotion\S_PlayerLocomotion_Hover_Stop-001.uasset (0.06MB)
  - Content\SanderAudio\Sources\Player\Locomotion\S_PlayerLocomotion_Hover_Stop-002.uasset (0.08MB)
  - Content\SanderAudio\Sources\Player\Locomotion\S_PlayerLocomotion_Hover_Stop-003.uasset (0.09MB)
  - Content\SanderAudio\Sources\Player\Locomotion\S_PlayerLocomotion_Hover_Stop-004.uasset (0.07MB)
  - Content\SanderAudio\Sources\Player\Locomotion\S_PlayerLocomotion_Hover_Stop-005.uasset (0.07MB)
  - Content\SanderAudio\Sources\Player\Locomotion\S_PlayerLocomotion_Hover_Stop-006.uasset (0.08MB)
  - Content\SanderAudio\Sources\Player\Locomotion\S_PlayerLocomotion_Jump-001.uasset (0.04MB)
  - Content\SanderAudio\Sources\Player\Locomotion\S_PlayerLocomotion_Jump-002.uasset (0.05MB)
  - Content\SanderAudio\Sources\Player\Locomotion\S_PlayerLocomotion_Jump-003.uasset (0.04MB)
  - Content\SanderAudio\Sources\Player\Locomotion\S_PlayerLocomotion_Jump-004.uasset (0.05MB)
  - Content\SanderAudio\Sources\Player\Locomotion\S_PlayerLocomotion_Jump-005.uasset (0.04MB)
  - Content\SanderAudio\Sources\Player\Locomotion\S_PlayerLocomotion_Land-001.uasset (0.03MB)
  - Content\SanderAudio\Sources\Player\Locomotion\S_PlayerLocomotion_Land-002.uasset (0.05MB)
  - Content\SanderAudio\Sources\Player\Locomotion\S_PlayerLocomotion_Land-003.uasset (0.04MB)
  - Content\SanderAudio\Sources\Player\Locomotion\S_PlayerLocomotion_Land-004.uasset (0.04MB)
  - Content\SanderAudio\Sources\Player\Locomotion\S_PlayerLocomotion_Land-005.uasset (0.04MB)
  - Content\SanderAudio\Sources\Player\Locomotion\S_PlayerLocomotion_Land-006.uasset (0.04MB)
  - Content\SanderAudio\Sources\Player\Locomotion\S_PlayerLocomotion_Land-007.uasset (0.05MB)
  - Content\SanderAudio\Sources\Player\Locomotion\S_PlayerLocomotion_Land-008.uasset (0.05MB)
  - Content\SanderAudio\Sources\Player\Status_Effects\MSS_Enemy_StatusEffects_Burning.uasset (0.10MB)
  - Content\SanderAudio\Sources\Player\Status_Effects\MSS_Player_StatusEffects_Burning.uasset (0.10MB)
  - Content\SanderAudio\Sources\Player\Status_Effects\MSS_Player_StatusEffects_Stunned.uasset (0.14MB)
  - Content\SanderAudio\Sources\Player\Status_Effects\S_Player_StatusEffects_BurningLoop.uasset (1.59MB)
  - Content\SanderAudio\Sources\Player\Status_Effects\S_Player_StatusEffects_Stunned-001.uasset (0.93MB)
  - Content\SanderAudio\Sources\Player\Status_Effects\S_Player_StatusEffects_Stunned-002.uasset (0.93MB)

Chunk #28 (67 files, 24.90MB):
  - Content\SanderAudio\Sources\Player\Status_Effects\S_Player_StatusEffects_Stunned-003.uasset (0.96MB)
  - Content\SanderAudio\Sources\Player\VOFX\Gideon_Ability_LowMana_010.uasset (0.41MB)
  - Content\SanderAudio\Sources\Player\VOFX\Gideon_Ability_LowMana_020.uasset (0.42MB)
  - Content\SanderAudio\Sources\Player\VOFX\Gideon_Ability_LowMana_030.uasset (0.40MB)
  - Content\SanderAudio\Sources\Player\VOFX\Gideon_Ability_LowMana_040.uasset (0.38MB)
  - Content\SanderAudio\Sources\Player\VOFX\Gideon_Ability_No_010.uasset (0.43MB)
  - Content\SanderAudio\Sources\Player\VOFX\Gideon_Ability_No_020.uasset (0.36MB)
  - Content\SanderAudio\Sources\Player\VOFX\Gideon_Ability_No_030.uasset (0.41MB)
  - Content\SanderAudio\Sources\Player\VOFX\Gideon_Ability_No_040.uasset (0.43MB)
  - Content\SanderAudio\Sources\Player\VOFX\Gideon_Ability_Ultimate_Ready_010.uasset (0.53MB)
  - Content\SanderAudio\Sources\Player\VOFX\Gideon_Ability_Ultimate_Self_010.uasset (0.50MB)
  - Content\SanderAudio\Sources\Player\VOFX\Gideon_Effort_Ability_Primary_Cast_010.uasset (0.29MB)
  - Content\SanderAudio\Sources\Player\VOFX\Gideon_Effort_Ability_Primary_Cast_011.uasset (0.32MB)
  - Content\SanderAudio\Sources\Player\VOFX\Gideon_Effort_Attack_010.uasset (0.42MB)
  - Content\SanderAudio\Sources\Player\VOFX\Gideon_Effort_Attack_011.uasset (0.39MB)
  - Content\SanderAudio\Sources\Player\VOFX\Gideon_Effort_Attack_012.uasset (0.33MB)
  - Content\SanderAudio\Sources\Player\VOFX\Gideon_Effort_Attack_013.uasset (0.36MB)
  - Content\SanderAudio\Sources\Player\VOFX\Gideon_Effort_Attack_014.uasset (0.35MB)
  - Content\SanderAudio\Sources\Player\VOFX\Gideon_Effort_Block_010.uasset (0.26MB)
  - Content\SanderAudio\Sources\Player\VOFX\Gideon_Effort_Block_011.uasset (0.26MB)
  - Content\SanderAudio\Sources\Player\VOFX\Gideon_Effort_Block_012.uasset (0.25MB)
  - Content\SanderAudio\Sources\Player\VOFX\Gideon_Effort_Block_013.uasset (0.25MB)
  - Content\SanderAudio\Sources\Player\VOFX\Gideon_Effort_Block_014.uasset (0.27MB)
  - Content\SanderAudio\Sources\Player\VOFX\Gideon_Effort_Death_010.uasset (0.85MB)
  - Content\SanderAudio\Sources\Player\VOFX\Gideon_Effort_Death_011.uasset (0.59MB)
  - Content\SanderAudio\Sources\Player\VOFX\Gideon_Effort_Death_012.uasset (0.62MB)
  - Content\SanderAudio\Sources\Player\VOFX\Gideon_Effort_Death_013.uasset (0.83MB)
  - Content\SanderAudio\Sources\Player\VOFX\Gideon_Effort_Death_014.uasset (0.59MB)
  - Content\SanderAudio\Sources\Player\VOFX\Gideon_Effort_JumpLand_010.uasset (0.24MB)
  - Content\SanderAudio\Sources\Player\VOFX\Gideon_Effort_JumpLand_011.uasset (0.25MB)
  - Content\SanderAudio\Sources\Player\VOFX\Gideon_Effort_JumpLand_012.uasset (0.25MB)
  - Content\SanderAudio\Sources\Player\VOFX\Gideon_Effort_JumpLand_013.uasset (0.27MB)
  - Content\SanderAudio\Sources\Player\VOFX\Gideon_Effort_JumpLand_014.uasset (0.25MB)
  - Content\SanderAudio\Sources\Player\VOFX\Gideon_Effort_Swing_010.uasset (0.32MB)
  - Content\SanderAudio\Sources\Player\VOFX\Gideon_Effort_Swing_011.uasset (0.31MB)
  - Content\SanderAudio\Sources\Player\VOFX\Gideon_Effort_Swing_012.uasset (0.30MB)
  - Content\SanderAudio\Sources\Player\VOFX\Gideon_Effort_Swing_013.uasset (0.27MB)
  - Content\SanderAudio\Sources\Player\VOFX\Gideon_Effort_Swing_014.uasset (0.38MB)
  - Content\SanderAudio\Sources\Player\VOFX\MSS_Player_VOFX_Death.uasset (0.08MB)
  - Content\SanderAudio\Sources\Player\VOFX\MSS_Player_VOFX_GetHit.uasset (0.08MB)
  - Content\SanderAudio\Sources\Player\VOFX\MSS_Player_VOFX_Primary_Cast.uasset (0.08MB)
  - Content\SanderAudio\Sources\Player\VOFX\MSS_Player_VOFX_Secondary_Cast.uasset (0.08MB)
  - Content\SanderAudio\Sources\Player\VOFX\MSS_Player_VOFX_Stunned.uasset (0.08MB)
  - Content\SanderAudio\Sources\UI\MSS_UI_NonDiegetic_Death.uasset (0.05MB)
  - Content\SanderAudio\Sources\UI\MSS_UI_NonDiegetic_LowHealth.uasset (0.07MB)
  - Content\SanderAudio\Sources\UI\MSS_UI_NonDiegetic_Respawn.uasset (0.08MB)
  - Content\SanderAudio\Sources\UI\S_UI_NonDiegetic_Death.uasset (0.59MB)
  - Content\SanderAudio\Sources\UI\S_UI_NonDiegetic_LowHealth.uasset (0.33MB)
  - Content\SanderAudio\Sources\UI\S_UI_NonDiegetic_Respawn-001.uasset (0.33MB)
  - Content\SanderAudio\Sources\UI\S_UI_NonDiegetic_Respawn-002.uasset (0.28MB)
  - Content\SanderAudio\_MS_Presets\MSS_Preset_RandomGet_MONO.uasset (0.10MB)
  - Content\SanderAudio\_MS_Presets\MSS_Preset_RandomGet_STEREO.uasset (0.14MB)
  - Content\ShooterGame\Sounds\Impacts\wav\sw_Impt_Launcher_Close_01.uasset (0.87MB)
  - Content\ShooterGame\Sounds\Impacts\wav\sw_Impt_Launcher_Close_02.uasset (0.73MB)
  - Content\ShooterGame\Sounds\Impacts\wav\sw_Impt_Launcher_Close_03.uasset (0.89MB)
  - Content\ShooterGame\Sounds\Impacts\wav\sw_Impt_Launcher_Close_04.uasset (0.70MB)
  - Content\ShooterGame\Sounds\Impacts\wav\sw_Impt_Launcher_Close_05.uasset (0.95MB)
  - Content\ShooterGame\Sounds\Impacts\wav\sw_Impt_Launcher_Dist_01.uasset (0.30MB)
  - Content\ShooterGame\Sounds\Impacts\wav\sw_Impt_Launcher_Dist_02.uasset (0.33MB)
  - Content\ShooterGame\Sounds\Impacts\wav\sw_Impt_Launcher_Dist_03.uasset (0.37MB)
  - Content\ShooterGame\Sounds\Impacts\wav\sw_Impt_Launcher_Dist_04.uasset (0.39MB)
  - Content\ShooterGame\Sounds\Impacts\wav\sw_Impt_Launcher_Dist_05.uasset (0.42MB)
  - Content\ShooterGame\Sounds\Pickups\wav\sw_Pickup_Ammo.uasset (0.14MB)
  - Content\ShooterGame\Sounds\Pickups\wav\sw_Pickup_Health.uasset (0.49MB)
  - Content\ShooterGame\Sounds\Projectiles\wav\sw_Proj_Flight_LP_01.uasset (0.23MB)
  - Content\ShooterGame\Sounds\Projectiles\wav\sw_Proj_Flight_LP_02.uasset (0.20MB)
  - Content\ShooterGame\Sounds\Projectiles\wav\sw_Proj_Flight_LP_03.uasset (0.18MB)

Chunk #29 (128 files, 22.45MB):
  - Content\ShooterGame\Sounds\Projectiles\wav\sw_Proj_Flight_LP_04.uasset (0.18MB)
  - Content\ShooterGame\Sounds\Weapons\GrenadeLauncher\wav\sw_Wep_Launcher_Shoot_3D_01.uasset (0.36MB)
  - Content\ShooterGame\Sounds\Weapons\GrenadeLauncher\wav\sw_Wep_Launcher_Shoot_3D_02.uasset (0.28MB)
  - Content\ShooterGame\Sounds\Weapons\GrenadeLauncher\wav\sw_Wep_Launcher_Shoot_3D_03.uasset (0.39MB)
  - Content\ShooterGame\Sounds\Weapons\GrenadeLauncher\wav\sw_Wep_Launcher_Shoot_3D_04.uasset (0.20MB)
  - Content\ShooterGame\Sounds\Weapons\GrenadeLauncher\wav\sw_Wep_Launcher_Shoot_3D_Dist_01.uasset (0.34MB)
  - Content\ShooterGame\Sounds\Weapons\GrenadeLauncher\wav\sw_Wep_Launcher_Shoot_3D_Dist_02.uasset (0.45MB)
  - Content\ShooterGame\Sounds\Weapons\GrenadeLauncher\wav\sw_Wep_Launcher_Shoot_3D_Dist_03.uasset (0.35MB)
  - Content\ShooterGame\Sounds\Weapons\GrenadeLauncher\wav\sw_Wep_Launcher_Shoot_3D_Dist_04.uasset (0.50MB)
  - Content\Splash\EdSplash.bmp (0.75MB)
  - Content\Splash\Splash.bmp (0.75MB)
  - Content\Troy\MI_GlobalColor_Emissive.uasset (0.01MB)
  - Content\Troy\MI_GlobalColor_LightGrey.uasset (0.01MB)
  - Content\Troy\MI_GlobalColor_MidGrey.uasset (0.01MB)
  - Content\Troy\MI_GlobalColor_Orange.uasset (0.01MB)
  - Content\Troy\M_GlobalColor_Master.uasset (0.02MB)
  - Content\Troy\SM_CompanionCube.uasset (0.55MB)
  - Content\Troy\SM_GroundButton_Base.uasset (1.12MB)
  - Content\Troy\SM_GroundButton_Button.uasset (0.06MB)
  - Content\Troy\SM_OilBarrel.uasset (0.09MB)
  - Content\tharlevfx_tutorials\CharacterFX\ParagonSourceAssets\Materials\Functions\FX_EmissiveModulate.uasset (0.04MB)
  - Content\tharlevfx_tutorials\CharacterFX\ParagonSourceAssets\Materials\Functions\FadeBasedOnViewAngle.uasset (0.07MB)
  - Content\tharlevfx_tutorials\CharacterFX\ParagonSourceAssets\Materials\Functions\MF_CameraDistanceFade.uasset (0.10MB)
  - Content\tharlevfx_tutorials\CharacterFX\ParagonSourceAssets\Materials\Functions\MF_DitheredRefraction.uasset (0.01MB)
  - Content\tharlevfx_tutorials\CharacterFX\ParagonSourceAssets\Materials\Functions\MF_Eleven_Colors.uasset (0.04MB)
  - Content\tharlevfx_tutorials\CharacterFX\ParagonSourceAssets\Materials\Functions\MF_FX_EmissiveModulate.uasset (0.04MB)
  - Content\tharlevfx_tutorials\CharacterFX\ParagonSourceAssets\Materials\Functions\MF_FX_NearCameraFade.uasset (0.10MB)
  - Content\tharlevfx_tutorials\CharacterFX\ParagonSourceAssets\Materials\Functions\MF_FadeBasedOnViewAngle.uasset (0.07MB)
  - Content\tharlevfx_tutorials\CharacterFX\ParagonSourceAssets\Materials\Functions\MF_ParticleRandomSize.uasset (0.05MB)
  - Content\tharlevfx_tutorials\CharacterFX\ParagonSourceAssets\Materials\Functions\MF_ParticleShrinkDistance.uasset (0.01MB)
  - Content\tharlevfx_tutorials\CharacterFX\ParagonSourceAssets\Materials\Functions\MF_RandomSubUV_GPUSprites.uasset (0.11MB)
  - Content\tharlevfx_tutorials\CharacterFX\ParagonSourceAssets\Materials\LensFlare\MF_LensFlare.uasset (0.11MB)
  - Content\tharlevfx_tutorials\CharacterFX\ParagonSourceAssets\Materials\LensFlare\MF_LensFlareClipSpaceTransform.uasset (0.07MB)
  - Content\tharlevfx_tutorials\CharacterFX\ParagonSourceAssets\Materials\LensFlare\MF_LensFlareOcclusionSample.uasset (0.08MB)
  - Content\tharlevfx_tutorials\CharacterFX\ParagonSourceAssets\Materials\LensFlare\MF_LensFlareOcclusionSample8.uasset (0.12MB)
  - Content\tharlevfx_tutorials\CharacterFX\ParagonSourceAssets\Materials\MI_CrackedGround_01.uasset (0.01MB)
  - Content\tharlevfx_tutorials\CharacterFX\ParagonSourceAssets\Materials\MI_Liquid_Spray_01_4X6.uasset (0.01MB)
  - Content\tharlevfx_tutorials\CharacterFX\ParagonSourceAssets\Materials\MI_RockDebris_Trans.uasset (0.01MB)
  - Content\tharlevfx_tutorials\CharacterFX\ParagonSourceAssets\Materials\MI_Shockwave_01_ADD.uasset (0.01MB)
  - Content\tharlevfx_tutorials\CharacterFX\ParagonSourceAssets\Materials\MI_Shockwave_03_Add.uasset (0.01MB)
  - Content\tharlevfx_tutorials\CharacterFX\ParagonSourceAssets\Materials\MI_Smoke_01_8X8.uasset (0.01MB)
  - Content\tharlevfx_tutorials\CharacterFX\ParagonSourceAssets\Materials\M_Add_Sprite_Master.uasset (0.01MB)
  - Content\tharlevfx_tutorials\CharacterFX\ParagonSourceAssets\Materials\M_Add_Sprite_SubUV_Master.uasset (0.01MB)
  - Content\tharlevfx_tutorials\CharacterFX\ParagonSourceAssets\Materials\M_Ash_Chunk_Unlit.uasset (0.02MB)
  - Content\tharlevfx_tutorials\CharacterFX\ParagonSourceAssets\Materials\M_BlackHole_Dust.uasset (0.02MB)
  - Content\tharlevfx_tutorials\CharacterFX\ParagonSourceAssets\Materials\M_BlackHole_Mesh.uasset (0.04MB)
  - Content\tharlevfx_tutorials\CharacterFX\ParagonSourceAssets\Materials\M_BlackHole_OuterSmoke.uasset (0.05MB)
  - Content\tharlevfx_tutorials\CharacterFX\ParagonSourceAssets\Materials\M_BlackHole_Pebbles.uasset (0.03MB)
  - Content\tharlevfx_tutorials\CharacterFX\ParagonSourceAssets\Materials\M_BlackHole_Rim.uasset (0.03MB)
  - Content\tharlevfx_tutorials\CharacterFX\ParagonSourceAssets\Materials\M_BlackHole_Sprite.uasset (0.03MB)
  - Content\tharlevfx_tutorials\CharacterFX\ParagonSourceAssets\Materials\M_BlackHole_Vortex.uasset (0.03MB)
  - Content\tharlevfx_tutorials\CharacterFX\ParagonSourceAssets\Materials\M_Boots_Bubble.uasset (0.02MB)
  - Content\tharlevfx_tutorials\CharacterFX\ParagonSourceAssets\Materials\M_Boots_Glow.uasset (0.02MB)
  - Content\tharlevfx_tutorials\CharacterFX\ParagonSourceAssets\Materials\M_Buff_Glow.uasset (0.04MB)
  - Content\tharlevfx_tutorials\CharacterFX\ParagonSourceAssets\Materials\M_Buff_Sphere_Heart.uasset (0.05MB)
  - Content\tharlevfx_tutorials\CharacterFX\ParagonSourceAssets\Materials\M_Burden_Projectile.uasset (0.04MB)
  - Content\tharlevfx_tutorials\CharacterFX\ParagonSourceAssets\Materials\M_Burden_Projectile_Outer.uasset (0.04MB)
  - Content\tharlevfx_tutorials\CharacterFX\ParagonSourceAssets\Materials\M_Burden_Projectile_TwoSided_Inst.uasset (0.01MB)
  - Content\tharlevfx_tutorials\CharacterFX\ParagonSourceAssets\Materials\M_Burst.uasset (0.02MB)
  - Content\tharlevfx_tutorials\CharacterFX\ParagonSourceAssets\Materials\M_CleanseBubble.uasset (0.04MB)
  - Content\tharlevfx_tutorials\CharacterFX\ParagonSourceAssets\Materials\M_DarkFlare_DistShrink.uasset (0.02MB)
  - Content\tharlevfx_tutorials\CharacterFX\ParagonSourceAssets\Materials\M_Energy_Burst.uasset (0.03MB)
  - Content\tharlevfx_tutorials\CharacterFX\ParagonSourceAssets\Materials\M_Explosion_RockChunks.uasset (0.03MB)
  - Content\tharlevfx_tutorials\CharacterFX\ParagonSourceAssets\Materials\M_Explosion_Smoke_Spears.uasset (0.03MB)
  - Content\tharlevfx_tutorials\CharacterFX\ParagonSourceAssets\Materials\M_Fire.uasset (0.02MB)
  - Content\tharlevfx_tutorials\CharacterFX\ParagonSourceAssets\Materials\M_GlowPoint_DistShrink_MASTER.uasset (0.03MB)
  - Content\tharlevfx_tutorials\CharacterFX\ParagonSourceAssets\Materials\M_GlowPoint_MASTER.uasset (0.03MB)
  - Content\tharlevfx_tutorials\CharacterFX\ParagonSourceAssets\Materials\M_Gold_Pile.uasset (0.02MB)
  - Content\tharlevfx_tutorials\CharacterFX\ParagonSourceAssets\Materials\M_Hand_Thrusters.uasset (0.03MB)
  - Content\tharlevfx_tutorials\CharacterFX\ParagonSourceAssets\Materials\M_Hotdog_Spark_VLerp_MASTER.uasset (0.04MB)
  - Content\tharlevfx_tutorials\CharacterFX\ParagonSourceAssets\Materials\M_Hotdog_VLerp_DirectionTint.uasset (0.04MB)
  - Content\tharlevfx_tutorials\CharacterFX\ParagonSourceAssets\Materials\M_Hotdog_VLerp_DirectionTint_Minion_Inst.uasset (0.01MB)
  - Content\tharlevfx_tutorials\CharacterFX\ParagonSourceAssets\Materials\M_Inky_Smoke_Burst.uasset (0.04MB)
  - Content\tharlevfx_tutorials\CharacterFX\ParagonSourceAssets\Materials\M_InvisSmoke_MasterAdditiveWarp_Emissive.uasset (0.03MB)
  - Content\tharlevfx_tutorials\CharacterFX\ParagonSourceAssets\Materials\M_LensFlareMaster.uasset (0.05MB)
  - Content\tharlevfx_tutorials\CharacterFX\ParagonSourceAssets\Materials\M_LensFlare_Particle.uasset (0.01MB)
  - Content\tharlevfx_tutorials\CharacterFX\ParagonSourceAssets\Materials\M_LensFlare_Particle_01.uasset (0.01MB)
  - Content\tharlevfx_tutorials\CharacterFX\ParagonSourceAssets\Materials\M_LensFlare_Particle_Pink_Flicker.uasset (0.01MB)
  - Content\tharlevfx_tutorials\CharacterFX\ParagonSourceAssets\Materials\M_Lensflare_012.uasset (0.01MB)
  - Content\tharlevfx_tutorials\CharacterFX\ParagonSourceAssets\Materials\M_Lensflare_TB_Soft.uasset (0.02MB)
  - Content\tharlevfx_tutorials\CharacterFX\ParagonSourceAssets\Materials\M_Lensflare_TB_Soft_LDR2HDR.uasset (0.03MB)
  - Content\tharlevfx_tutorials\CharacterFX\ParagonSourceAssets\Materials\M_Portal_Open_Burst.uasset (0.04MB)
  - Content\tharlevfx_tutorials\CharacterFX\ParagonSourceAssets\Materials\M_Portal_Space_Mini.uasset (0.05MB)
  - Content\tharlevfx_tutorials\CharacterFX\ParagonSourceAssets\Materials\M_Radial_Blur_Refraction.uasset (0.03MB)
  - Content\tharlevfx_tutorials\CharacterFX\ParagonSourceAssets\Materials\M_Radial_Gradient.uasset (0.01MB)
  - Content\tharlevfx_tutorials\CharacterFX\ParagonSourceAssets\Materials\M_Soft_Spark_Glow.uasset (0.01MB)
  - Content\tharlevfx_tutorials\CharacterFX\ParagonSourceAssets\Materials\M_Spark_VelocityLerp_Pellets_Inst.uasset (0.01MB)
  - Content\tharlevfx_tutorials\CharacterFX\ParagonSourceAssets\Materials\M_Spark_VelocityLerp_TeamColor.uasset (0.03MB)
  - Content\tharlevfx_tutorials\CharacterFX\ParagonSourceAssets\Materials\M_Swirl_Plasma.uasset (0.02MB)
  - Content\tharlevfx_tutorials\CharacterFX\ParagonSourceAssets\Materials\M_Teleport_Refraction.uasset (0.02MB)
  - Content\tharlevfx_tutorials\CharacterFX\ParagonSourceAssets\Materials\M_Trans_Sprite_Lit_SubUV_Master.uasset (0.01MB)
  - Content\tharlevfx_tutorials\CharacterFX\ParagonSourceAssets\Materials\M_Trans_Sprite_Master_DepthFade.uasset (0.01MB)
  - Content\tharlevfx_tutorials\CharacterFX\ParagonSourceAssets\Materials\M_Trans_Sprite_Master_Surface.uasset (0.01MB)
  - Content\tharlevfx_tutorials\CharacterFX\ParagonSourceAssets\Materials\M_Wisp_SplineThicken_Small.uasset (0.04MB)
  - Content\tharlevfx_tutorials\CharacterFX\ParagonSourceAssets\Materials\M_Wispy_Smoke_Trail_Projectile.uasset (0.03MB)
  - Content\tharlevfx_tutorials\CharacterFX\ParagonSourceAssets\Materials\M_explosion_subUV.uasset (0.08MB)
  - Content\tharlevfx_tutorials\CharacterFX\ParagonSourceAssets\Materials\M_radial_ramp.uasset (0.01MB)
  - Content\tharlevfx_tutorials\CharacterFX\ParagonSourceAssets\Materials\M_smoke_subUV.uasset (0.02MB)
  - Content\tharlevfx_tutorials\CharacterFX\ParagonSourceAssets\Materials\OrionGlobalArtCollection.uasset (0.00MB)
  - Content\tharlevfx_tutorials\CharacterFX\ParagonSourceAssets\Materials\m_flare_01.uasset (0.02MB)
  - Content\tharlevfx_tutorials\CharacterFX\ParagonSourceAssets\Materials\m_flare_03.uasset (0.01MB)
  - Content\tharlevfx_tutorials\CharacterFX\ParagonSourceAssets\Meshes\SM_1MeterSphere_MultiUVs.uasset (0.51MB)
  - Content\tharlevfx_tutorials\CharacterFX\ParagonSourceAssets\Meshes\SM_BigPortal_Torus.uasset (0.15MB)
  - Content\tharlevfx_tutorials\CharacterFX\ParagonSourceAssets\Meshes\SM_Black_Hole_Main.uasset (0.12MB)
  - Content\tharlevfx_tutorials\CharacterFX\ParagonSourceAssets\Meshes\SM_Black_Hole_Rim.uasset (0.04MB)
  - Content\tharlevfx_tutorials\CharacterFX\ParagonSourceAssets\Meshes\SM_Black_Hole_Vortex.uasset (0.15MB)
  - Content\tharlevfx_tutorials\CharacterFX\ParagonSourceAssets\Meshes\SM_Buff_Sphere.uasset (0.05MB)
  - Content\tharlevfx_tutorials\CharacterFX\ParagonSourceAssets\Meshes\SM_Burden_Projectile.uasset (0.13MB)
  - Content\tharlevfx_tutorials\CharacterFX\ParagonSourceAssets\Meshes\SM_Burden_Projectile_Wisps.uasset (0.12MB)
  - Content\tharlevfx_tutorials\CharacterFX\ParagonSourceAssets\Meshes\SM_CleanseBubble.uasset (0.11MB)
  - Content\tharlevfx_tutorials\CharacterFX\ParagonSourceAssets\Meshes\SM_Coin_Small.uasset (0.02MB)
  - Content\tharlevfx_tutorials\CharacterFX\ParagonSourceAssets\Meshes\SM_Hand_Thruster.uasset (0.11MB)
  - Content\tharlevfx_tutorials\CharacterFX\ParagonSourceAssets\Meshes\SM_Impact_Warp.uasset (0.14MB)
  - Content\tharlevfx_tutorials\CharacterFX\ParagonSourceAssets\Meshes\SM_Open_Square.uasset (0.01MB)
  - Content\tharlevfx_tutorials\CharacterFX\ParagonSourceAssets\Meshes\SM_Portal_Flat.uasset (0.13MB)
  - Content\tharlevfx_tutorials\CharacterFX\ParagonSourceAssets\Meshes\SM_PriceShield_ProjectionPlane.uasset (0.10MB)
  - Content\tharlevfx_tutorials\CharacterFX\ParagonSourceAssets\Meshes\SM_Sphere.uasset (0.15MB)
  - Content\tharlevfx_tutorials\CharacterFX\ParagonSourceAssets\Meshes\SM_Spline_X_Aligned.uasset (0.02MB)
  - Content\tharlevfx_tutorials\CharacterFX\ParagonSourceAssets\Meshes\SM_swirls_polySurface3.uasset (0.10MB)
  - Content\tharlevfx_tutorials\CharacterFX\ParagonSourceAssets\Niagara\NS_Burning.uasset (0.65MB)
  - Content\tharlevfx_tutorials\CharacterFX\ParagonSourceAssets\Niagara\NS_CarriedBuff_Received_Black.uasset (1.26MB)
  - Content\tharlevfx_tutorials\CharacterFX\ParagonSourceAssets\Niagara\NS_DroppedBuff_Gold.uasset (0.84MB)
  - Content\tharlevfx_tutorials\CharacterFX\ParagonSourceAssets\Niagara\NS_DroppedBuff_HealthRegen.uasset (0.85MB)
  - Content\tharlevfx_tutorials\CharacterFX\ParagonSourceAssets\Niagara\NS_DroppedBuff_Health_Light.uasset (0.81MB)
  - Content\tharlevfx_tutorials\CharacterFX\ParagonSourceAssets\Niagara\NS_Explosion.uasset (1.02MB)
  - Content\tharlevfx_tutorials\CharacterFX\ParagonSourceAssets\Niagara\NS_Flames.uasset (1.25MB)
  - Content\tharlevfx_tutorials\CharacterFX\ParagonSourceAssets\Niagara\NS_Gideon_Burden_MuzzleFlash.uasset (2.08MB)
  - Content\tharlevfx_tutorials\CharacterFX\ParagonSourceAssets\Niagara\NS_Gideon_Burden_Projectile.uasset (2.45MB)

Chunk #30 (16 files, 24.80MB):
  - Content\tharlevfx_tutorials\CharacterFX\ParagonSourceAssets\Niagara\NS_Gideon_Primary_HitWorld.uasset (3.81MB)
  - Content\tharlevfx_tutorials\CharacterFX\ParagonSourceAssets\Niagara\NS_Gideon_Primary_MuzzleFlash.uasset (1.05MB)
  - Content\tharlevfx_tutorials\CharacterFX\ParagonSourceAssets\Niagara\NS_Gideon_Primary_Projectile.uasset (1.35MB)
  - Content\tharlevfx_tutorials\CharacterFX\ParagonSourceAssets\Niagara\NS_Gideon_TravelMode_Hands.uasset (1.13MB)
  - Content\tharlevfx_tutorials\CharacterFX\ParagonSourceAssets\Niagara\NS_Gideon_Ultimate.uasset (4.48MB)
  - Content\tharlevfx_tutorials\CharacterFX\ParagonSourceAssets\Niagara\NS_Portal_Cast.uasset (1.02MB)
  - Content\tharlevfx_tutorials\CharacterFX\ParagonSourceAssets\Niagara\NS_Portal_Entrance_Close.uasset (1.89MB)
  - Content\tharlevfx_tutorials\CharacterFX\ParagonSourceAssets\Niagara\NS_Portal_Teleport_Enter.uasset (1.48MB)
  - Content\tharlevfx_tutorials\CharacterFX\ParagonSourceAssets\Niagara\NS_Portal_Teleport_Exit.uasset (1.49MB)
  - Content\tharlevfx_tutorials\CharacterFX\ParagonSourceAssets\Niagara\NS_Skill_Leap_Base_Velocity_Impact.uasset (3.06MB)
  - Content\tharlevfx_tutorials\CharacterFX\ParagonSourceAssets\Niagara\NS_Treasure_Burst.uasset (1.49MB)
  - Content\tharlevfx_tutorials\CharacterFX\ParagonSourceAssets\Textures\T_Black_32_D.uasset (0.00MB)
  - Content\tharlevfx_tutorials\CharacterFX\ParagonSourceAssets\Textures\T_BlastWave_D.uasset (0.62MB)
  - Content\tharlevfx_tutorials\CharacterFX\ParagonSourceAssets\Textures\T_Buff_Sphere_E.uasset (1.50MB)
  - Content\tharlevfx_tutorials\CharacterFX\ParagonSourceAssets\Textures\T_Burden_Ribbon_M.uasset (0.27MB)
  - Content\tharlevfx_tutorials\CharacterFX\ParagonSourceAssets\Textures\T_Burst_M.uasset (0.15MB)

Chunk #31 (19 files, 23.01MB):
  - Content\tharlevfx_tutorials\CharacterFX\ParagonSourceAssets\Textures\T_Concrete_ChunkSubUV_D.uasset (0.25MB)
  - Content\tharlevfx_tutorials\CharacterFX\ParagonSourceAssets\Textures\T_Concrete_ChunkSubUV_N_TGA.uasset (0.37MB)
  - Content\tharlevfx_tutorials\CharacterFX\ParagonSourceAssets\Textures\T_ElectricalBolt_3.uasset (0.07MB)
  - Content\tharlevfx_tutorials\CharacterFX\ParagonSourceAssets\Textures\T_EnergyPlasma_Tile_H_01.uasset (1.93MB)
  - Content\tharlevfx_tutorials\CharacterFX\ParagonSourceAssets\Textures\T_Explosion_SubUV.uasset (2.87MB)
  - Content\tharlevfx_tutorials\CharacterFX\ParagonSourceAssets\Textures\T_FireBall_07D_Depth.uasset (2.22MB)
  - Content\tharlevfx_tutorials\CharacterFX\ParagonSourceAssets\Textures\T_FireBall_07D_N.uasset (2.74MB)
  - Content\tharlevfx_tutorials\CharacterFX\ParagonSourceAssets\Textures\T_Fire_subUV_01.uasset (0.51MB)
  - Content\tharlevfx_tutorials\CharacterFX\ParagonSourceAssets\Textures\T_Fire_tile.uasset (0.53MB)
  - Content\tharlevfx_tutorials\CharacterFX\ParagonSourceAssets\Textures\T_FlareWide_04.uasset (0.37MB)
  - Content\tharlevfx_tutorials\CharacterFX\ParagonSourceAssets\Textures\T_Flare_Spikeball.uasset (0.36MB)
  - Content\tharlevfx_tutorials\CharacterFX\ParagonSourceAssets\Textures\T_FluidSmoke_04.uasset (3.61MB)
  - Content\tharlevfx_tutorials\CharacterFX\ParagonSourceAssets\Textures\T_FluidSmoke_04_Depth.uasset (3.62MB)
  - Content\tharlevfx_tutorials\CharacterFX\ParagonSourceAssets\Textures\T_GlowNoise_01_M.uasset (0.07MB)
  - Content\tharlevfx_tutorials\CharacterFX\ParagonSourceAssets\Textures\T_Glow_Sphere_Soft.uasset (0.05MB)
  - Content\tharlevfx_tutorials\CharacterFX\ParagonSourceAssets\Textures\T_Inky_Smoke.uasset (1.86MB)
  - Content\tharlevfx_tutorials\CharacterFX\ParagonSourceAssets\Textures\T_Inky_Smoke_Tile.uasset (1.31MB)
  - Content\tharlevfx_tutorials\CharacterFX\ParagonSourceAssets\Textures\T_LDR_Flare01.uasset (0.13MB)
  - Content\tharlevfx_tutorials\CharacterFX\ParagonSourceAssets\Textures\T_Lensflare_02.uasset (0.14MB)

Chunk #32 (18 files, 24.71MB):
  - Content\tharlevfx_tutorials\CharacterFX\ParagonSourceAssets\Textures\T_MinionSmokeMask_Test.uasset (2.13MB)
  - Content\tharlevfx_tutorials\CharacterFX\ParagonSourceAssets\Textures\T_MinionSmokeTile.uasset (3.41MB)
  - Content\tharlevfx_tutorials\CharacterFX\ParagonSourceAssets\Textures\T_Muriel_Corona_D.uasset (2.06MB)
  - Content\tharlevfx_tutorials\CharacterFX\ParagonSourceAssets\Textures\T_Muriel_Prism_03.uasset (0.01MB)
  - Content\tharlevfx_tutorials\CharacterFX\ParagonSourceAssets\Textures\T_NoisyRamp.uasset (0.29MB)
  - Content\tharlevfx_tutorials\CharacterFX\ParagonSourceAssets\Textures\T_Plasma_Aurora_Seamless.uasset (1.83MB)
  - Content\tharlevfx_tutorials\CharacterFX\ParagonSourceAssets\Textures\T_Portal_Gradient_02_D.uasset (0.01MB)
  - Content\tharlevfx_tutorials\CharacterFX\ParagonSourceAssets\Textures\T_Portal_Gradient_02_M.uasset (0.01MB)
  - Content\tharlevfx_tutorials\CharacterFX\ParagonSourceAssets\Textures\T_Portal_Gradient_M.uasset (0.01MB)
  - Content\tharlevfx_tutorials\CharacterFX\ParagonSourceAssets\Textures\T_Portal_SpaceMask_M.uasset (0.21MB)
  - Content\tharlevfx_tutorials\CharacterFX\ParagonSourceAssets\Textures\T_Portal_Space_D.uasset (10.09MB)
  - Content\tharlevfx_tutorials\CharacterFX\ParagonSourceAssets\Textures\T_Radial_Burst.uasset (0.94MB)
  - Content\tharlevfx_tutorials\CharacterFX\ParagonSourceAssets\Textures\T_Radial_Refraction_Blur_N.uasset (0.44MB)
  - Content\tharlevfx_tutorials\CharacterFX\ParagonSourceAssets\Textures\T_Refraction_Depression_N.uasset (0.79MB)
  - Content\tharlevfx_tutorials\CharacterFX\ParagonSourceAssets\Textures\T_Rocks_3_3_D.uasset (1.02MB)
  - Content\tharlevfx_tutorials\CharacterFX\ParagonSourceAssets\Textures\T_Silky_Smoke_Trail.uasset (0.66MB)
  - Content\tharlevfx_tutorials\CharacterFX\ParagonSourceAssets\Textures\T_SmokeBall_01_8_8_M.uasset (0.65MB)
  - Content\tharlevfx_tutorials\CharacterFX\ParagonSourceAssets\Textures\T_SmokeRend_N.uasset (0.18MB)

Chunk #33 (23 files, 24.84MB):
  - Content\tharlevfx_tutorials\CharacterFX\ParagonSourceAssets\Textures\T_SmokeSubUV_8X8.uasset (2.51MB)
  - Content\tharlevfx_tutorials\CharacterFX\ParagonSourceAssets\Textures\T_Smoke_Tiled_D.uasset (0.09MB)
  - Content\tharlevfx_tutorials\CharacterFX\ParagonSourceAssets\Textures\T_Smoke_Trail_Soft.uasset (0.54MB)
  - Content\tharlevfx_tutorials\CharacterFX\ParagonSourceAssets\Textures\T_Smooth_Gradient_Vertical_A.uasset (0.01MB)
  - Content\tharlevfx_tutorials\CharacterFX\ParagonSourceAssets\Textures\T_SoftEdge_M.uasset (0.37MB)
  - Content\tharlevfx_tutorials\CharacterFX\ParagonSourceAssets\Textures\T_Soft_Noise.uasset (1.08MB)
  - Content\tharlevfx_tutorials\CharacterFX\ParagonSourceAssets\Textures\T_Space.uasset (0.01MB)
  - Content\tharlevfx_tutorials\CharacterFX\ParagonSourceAssets\Textures\T_Spark_Soft.uasset (0.20MB)
  - Content\tharlevfx_tutorials\CharacterFX\ParagonSourceAssets\Textures\T_Sphere_Edge_N.uasset (0.15MB)
  - Content\tharlevfx_tutorials\CharacterFX\ParagonSourceAssets\Textures\T_StretchSpark_01.uasset (0.08MB)
  - Content\tharlevfx_tutorials\CharacterFX\ParagonSourceAssets\Textures\T_Surface_Erosion_M.uasset (5.07MB)
  - Content\tharlevfx_tutorials\CharacterFX\ParagonSourceAssets\Textures\T_TankMoteNoise.uasset (0.18MB)
  - Content\tharlevfx_tutorials\CharacterFX\ParagonSourceAssets\Textures\T_TileNoise.uasset (1.33MB)
  - Content\tharlevfx_tutorials\CharacterFX\ParagonSourceAssets\Textures\T_TilingClouds_01.uasset (0.49MB)
  - Content\tharlevfx_tutorials\CharacterFX\ParagonSourceAssets\Textures\T_TilingClouds_01_N.uasset (0.39MB)
  - Content\tharlevfx_tutorials\CharacterFX\ParagonSourceAssets\Textures\T_Trail_Mask.uasset (0.02MB)
  - Content\tharlevfx_tutorials\CharacterFX\ParagonSourceAssets\Textures\T_Treasure_N.uasset (0.55MB)
  - Content\tharlevfx_tutorials\CharacterFX\ParagonSourceAssets\Textures\T_Turbulence_AdditiveWarp_Linear.uasset (1.49MB)
  - Content\tharlevfx_tutorials\CharacterFX\ParagonSourceAssets\Textures\T_Turret_N.uasset (2.34MB)
  - Content\tharlevfx_tutorials\CharacterFX\ParagonSourceAssets\Textures\T_Turret_Roughness.uasset (4.37MB)
  - Content\tharlevfx_tutorials\CharacterFX\ParagonSourceAssets\Textures\T_Wind_Blur.uasset (2.54MB)
  - Content\tharlevfx_tutorials\CharacterFX\ParagonSourceAssets\Textures\T_bloodTest_4X6_D.uasset (0.38MB)
  - Content\tharlevfx_tutorials\CharacterFX\ParagonSourceAssets\Textures\T_cracks_01_N.uasset (0.66MB)

Chunk #34 (163 files, 6.13MB):
  - Content\tharlevfx_tutorials\CharacterFX\ParagonSourceAssets\Textures\T_cracks_03_M.uasset (1.96MB)
  - Content\tharlevfx_tutorials\CharacterFX\ParagonSourceAssets\Textures\T_noise_flamy_Tile.uasset (1.52MB)
  - Content\tharlevfx_tutorials\CharacterFX\ParagonSourceAssets\Textures\T_stardots.uasset (0.01MB)
  - Content\tharlevfx_tutorials\CharacterFX\ParagonSourceAssets\Textures\T_sunflare.uasset (0.08MB)
  - Content\tharlevfx_tutorials\CharacterFX\ParagonSourceAssets\VectorFields\Noisy_Turbulence_103.uasset (0.25MB)
  - Content\tharlevfx_tutorials\CharacterFX\ParagonSourceAssets\VectorFields\VF_F60.uasset (0.21MB)
  - Content\tharlevfx_tutorials\CharacterFX\ParagonSourceAssets\VectorFields\VF_Vortex_6.uasset (0.25MB)
  - README.md (0.01MB)
  - Source\ActionRoguelike.Target.cs (0.00MB)
  - Source\ActionRoguelike\AI\RogueAICharacter.cpp (0.01MB)
  - Source\ActionRoguelike\AI\RogueAICharacter.h (0.00MB)
  - Source\ActionRoguelike\AI\RogueAIController.cpp (0.00MB)
  - Source\ActionRoguelike\AI\RogueAIController.h (0.00MB)
  - Source\ActionRoguelike\AI\RogueAction_MinionMeleeAttack.cpp (0.00MB)
  - Source\ActionRoguelike\AI\RogueAction_MinionMeleeAttack.h (0.00MB)
  - Source\ActionRoguelike\AI\RogueAction_MinionRangedAttack.cpp (0.00MB)
  - Source\ActionRoguelike\AI\RogueAction_MinionRangedAttack.h (0.00MB)
  - Source\ActionRoguelike\AI\RogueBTDecorator_CheckHealth.cpp (0.00MB)
  - Source\ActionRoguelike\AI\RogueBTDecorator_CheckHealth.h (0.00MB)
  - Source\ActionRoguelike\AI\RogueBTService_CheckAttackRange.cpp (0.00MB)
  - Source\ActionRoguelike\AI\RogueBTService_CheckAttackRange.h (0.00MB)
  - Source\ActionRoguelike\AI\RogueBTService_StartAction.cpp (0.00MB)
  - Source\ActionRoguelike\AI\RogueBTService_StartAction.h (0.00MB)
  - Source\ActionRoguelike\AI\RogueBTTask_HealSelf.cpp (0.00MB)
  - Source\ActionRoguelike\AI\RogueBTTask_HealSelf.h (0.00MB)
  - Source\ActionRoguelike\AI\RogueBTTask_RangedAttack.cpp (0.00MB)
  - Source\ActionRoguelike\AI\RogueBTTask_RangedAttack.h (0.00MB)
  - Source\ActionRoguelike\AI\RogueBTTask_StartAction.cpp (0.00MB)
  - Source\ActionRoguelike\AI\RogueBTTask_StartAction.h (0.00MB)
  - Source\ActionRoguelike\AI\RogueQueryContext_TargetActor.cpp (0.00MB)
  - Source\ActionRoguelike\AI\RogueQueryContext_TargetActor.h (0.00MB)
  - Source\ActionRoguelike\ActionRoguelike.Build.cs (0.00MB)
  - Source\ActionRoguelike\ActionRoguelike.cpp (0.00MB)
  - Source\ActionRoguelike\ActionRoguelike.h (0.00MB)
  - Source\ActionRoguelike\ActionSystem\RogueAction.cpp (0.00MB)
  - Source\ActionRoguelike\ActionSystem\RogueAction.h (0.00MB)
  - Source\ActionRoguelike\ActionSystem\RogueActionComponent.cpp (0.01MB)
  - Source\ActionRoguelike\ActionSystem\RogueActionComponent.h (0.00MB)
  - Source\ActionRoguelike\ActionSystem\RogueActionEffect.cpp (0.00MB)
  - Source\ActionRoguelike\ActionSystem\RogueActionEffect.h (0.00MB)
  - Source\ActionRoguelike\ActionSystem\RogueActionEffect_Thorns.cpp (0.00MB)
  - Source\ActionRoguelike\ActionSystem\RogueActionEffect_Thorns.h (0.00MB)
  - Source\ActionRoguelike\ActionSystem\RogueActionSystemInterface.cpp (0.00MB)
  - Source\ActionRoguelike\ActionSystem\RogueActionSystemInterface.h (0.00MB)
  - Source\ActionRoguelike\ActionSystem\RogueAction_ProjectileAttack.cpp (0.01MB)
  - Source\ActionRoguelike\ActionSystem\RogueAction_ProjectileAttack.h (0.00MB)
  - Source\ActionRoguelike\ActionSystem\RogueAttributeSet.cpp (0.00MB)
  - Source\ActionRoguelike\ActionSystem\RogueAttributeSet.h (0.01MB)
  - Source\ActionRoguelike\Animation\RogueAnimInstance.cpp (0.00MB)
  - Source\ActionRoguelike\Animation\RogueAnimInstance.h (0.00MB)
  - Source\ActionRoguelike\Animation\RogueAnimNotifyState_Melee.cpp (0.00MB)
  - Source\ActionRoguelike\Animation\RogueAnimNotifyState_Melee.h (0.00MB)
  - Source\ActionRoguelike\Animation\RogueCurveAnimSubsystem.cpp (0.00MB)
  - Source\ActionRoguelike\Animation\RogueCurveAnimSubsystem.h (0.00MB)
  - Source\ActionRoguelike\Core\RogueDeferredTaskSystem.cpp (0.00MB)
  - Source\ActionRoguelike\Core\RogueDeferredTaskSystem.h (0.00MB)
  - Source\ActionRoguelike\Core\RogueDeveloperSettings.cpp (0.00MB)
  - Source\ActionRoguelike\Core\RogueDeveloperSettings.h (0.00MB)
  - Source\ActionRoguelike\Core\RogueGameModeBase.cpp (0.01MB)
  - Source\ActionRoguelike\Core\RogueGameModeBase.h (0.00MB)
  - Source\ActionRoguelike\Core\RogueGameState.cpp (0.00MB)
  - Source\ActionRoguelike\Core\RogueGameState.h (0.00MB)
  - Source\ActionRoguelike\Core\RogueGameViewportClient.cpp (0.00MB)
  - Source\ActionRoguelike\Core\RogueGameViewportClient.h (0.00MB)
  - Source\ActionRoguelike\Core\RogueGameplayFunctionLibrary.cpp (0.01MB)
  - Source\ActionRoguelike\Core\RogueGameplayFunctionLibrary.h (0.00MB)
  - Source\ActionRoguelike\Core\RogueGameplayInterface.cpp (0.00MB)
  - Source\ActionRoguelike\Core\RogueGameplayInterface.h (0.00MB)
  - Source\ActionRoguelike\Core\RogueLoadingScreenSubsystem.cpp (0.00MB)
  - Source\ActionRoguelike\Core\RogueLoadingScreenSubsystem.h (0.00MB)
  - Source\ActionRoguelike\Core\RogueMessagingSubsystem.cpp (0.00MB)
  - Source\ActionRoguelike\Core\RogueMessagingSubsystem.h (0.00MB)
  - Source\ActionRoguelike\Core\RogueMonsterData.cpp (0.00MB)
  - Source\ActionRoguelike\Core\RogueMonsterData.h (0.00MB)
  - Source\ActionRoguelike\Development\RogueCheatManager.cpp (0.00MB)
  - Source\ActionRoguelike\Development\RogueCheatManager.h (0.00MB)
  - Source\ActionRoguelike\Development\RogueDeveloperLocalSettings.cpp (0.00MB)
  - Source\ActionRoguelike\Development\RogueDeveloperLocalSettings.h (0.00MB)
  - Source\ActionRoguelike\Performance\RogueActorPoolingInterface.cpp (0.00MB)
  - Source\ActionRoguelike\Performance\RogueActorPoolingInterface.h (0.00MB)
  - Source\ActionRoguelike\Performance\RogueActorPoolingSubsystem.cpp (0.00MB)
  - Source\ActionRoguelike\Performance\RogueActorPoolingSubsystem.h (0.00MB)
  - Source\ActionRoguelike\Performance\RogueSignificanceComponent.cpp (0.01MB)
  - Source\ActionRoguelike\Performance\RogueSignificanceComponent.h (0.00MB)
  - Source\ActionRoguelike\Performance\RogueSignificanceInterface.cpp (0.00MB)
  - Source\ActionRoguelike\Performance\RogueSignificanceInterface.h (0.00MB)
  - Source\ActionRoguelike\Performance\RogueSignificanceManager.cpp (0.00MB)
  - Source\ActionRoguelike\Performance\RogueSignificanceManager.h (0.00MB)
  - Source\ActionRoguelike\Performance\RogueSignificanceSettings.cpp (0.00MB)
  - Source\ActionRoguelike\Performance\RogueSignificanceSettings.h (0.00MB)
  - Source\ActionRoguelike\Performance\RogueTickablesSubsystem.cpp (0.00MB)
  - Source\ActionRoguelike\Performance\RogueTickablesSubsystem.h (0.00MB)
  - Source\ActionRoguelike\Pickups\RoguePickupActor.cpp (0.00MB)
  - Source\ActionRoguelike\Pickups\RoguePickupActor.h (0.00MB)
  - Source\ActionRoguelike\Pickups\RoguePickupActor_Credits.cpp (0.00MB)
  - Source\ActionRoguelike\Pickups\RoguePickupActor_Credits.h (0.00MB)
  - Source\ActionRoguelike\Pickups\RoguePickupActor_GrantAction.cpp (0.00MB)
  - Source\ActionRoguelike\Pickups\RoguePickupActor_GrantAction.h (0.00MB)
  - Source\ActionRoguelike\Pickups\RoguePickupActor_HealthPotion.cpp (0.00MB)
  - Source\ActionRoguelike\Pickups\RoguePickupActor_HealthPotion.h (0.00MB)
  - Source\ActionRoguelike\Pickups\RoguePickupItemReplication.cpp (0.00MB)
  - Source\ActionRoguelike\Pickups\RoguePickupItemReplication.h (0.00MB)
  - Source\ActionRoguelike\Pickups\RoguePickupSubsystem.cpp (0.01MB)
  - Source\ActionRoguelike\Pickups\RoguePickupSubsystem.h (0.00MB)
  - Source\ActionRoguelike\Player\RogueInteractionComponent.cpp (0.00MB)
  - Source\ActionRoguelike\Player\RogueInteractionComponent.h (0.00MB)
  - Source\ActionRoguelike\Player\RoguePlayerCharacter.cpp (0.01MB)
  - Source\ActionRoguelike\Player\RoguePlayerCharacter.h (0.00MB)
  - Source\ActionRoguelike\Player\RoguePlayerController.cpp (0.00MB)
  - Source\ActionRoguelike\Player\RoguePlayerController.h (0.00MB)
  - Source\ActionRoguelike\Player\RoguePlayerData.cpp (0.00MB)
  - Source\ActionRoguelike\Player\RoguePlayerData.h (0.00MB)
  - Source\ActionRoguelike\Player\RoguePlayerState.cpp (0.00MB)
  - Source\ActionRoguelike\Player\RoguePlayerState.h (0.00MB)
  - Source\ActionRoguelike\Projectiles\RogueProjectile.cpp (0.00MB)
  - Source\ActionRoguelike\Projectiles\RogueProjectile.h (0.00MB)
  - Source\ActionRoguelike\Projectiles\RogueProjectileData.cpp (0.00MB)
  - Source\ActionRoguelike\Projectiles\RogueProjectileData.h (0.00MB)
  - Source\ActionRoguelike\Projectiles\RogueProjectileMovementComponent.cpp (0.00MB)
  - Source\ActionRoguelike\Projectiles\RogueProjectileMovementComponent.h (0.00MB)
  - Source\ActionRoguelike\Projectiles\RogueProjectileReplication.cpp (0.00MB)
  - Source\ActionRoguelike\Projectiles\RogueProjectileReplication.h (0.00MB)
  - Source\ActionRoguelike\Projectiles\RogueProjectile_Blackhole.cpp (0.00MB)
  - Source\ActionRoguelike\Projectiles\RogueProjectile_Blackhole.h (0.00MB)
  - Source\ActionRoguelike\Projectiles\RogueProjectile_Dash.cpp (0.00MB)
  - Source\ActionRoguelike\Projectiles\RogueProjectile_Dash.h (0.00MB)
  - Source\ActionRoguelike\Projectiles\RogueProjectile_Magic.cpp (0.00MB)
  - Source\ActionRoguelike\Projectiles\RogueProjectile_Magic.h (0.00MB)
  - Source\ActionRoguelike\Projectiles\RogueProjectilesSubsystem.cpp (0.01MB)
  - Source\ActionRoguelike\Projectiles\RogueProjectilesSubsystem.h (0.00MB)
  - Source\ActionRoguelike\SaveSystem\RogueSaveGame.cpp (0.00MB)
  - Source\ActionRoguelike\SaveSystem\RogueSaveGame.h (0.00MB)
  - Source\ActionRoguelike\SaveSystem\RogueSaveGameSettings.cpp (0.00MB)
  - Source\ActionRoguelike\SaveSystem\RogueSaveGameSettings.h (0.00MB)
  - Source\ActionRoguelike\SaveSystem\RogueSaveGameSubsystem.cpp (0.01MB)
  - Source\ActionRoguelike\SaveSystem\RogueSaveGameSubsystem.h (0.00MB)
  - Source\ActionRoguelike\SharedGameplayTags.cpp (0.00MB)
  - Source\ActionRoguelike\SharedGameplayTags.h (0.00MB)
  - Source\ActionRoguelike\StateTrees\RogueStateTreeDirectorSchema.cpp (0.00MB)
  - Source\ActionRoguelike\StateTrees\RogueStateTreeDirectorSchema.h (0.00MB)
  - Source\ActionRoguelike\StateTrees\RogueStateTreeTasks.cpp (0.00MB)
  - Source\ActionRoguelike\StateTrees\RogueStateTreeTasks.h (0.00MB)
  - Source\ActionRoguelike\Subsystems\RogueMonsterCorpseSubsystem.cpp (0.00MB)
  - Source\ActionRoguelike\Subsystems\RogueMonsterCorpseSubsystem.h (0.00MB)
  - Source\ActionRoguelike\UI\RogueEffectSlotWidget.cpp (0.00MB)
  - Source\ActionRoguelike\UI\RogueEffectSlotWidget.h (0.00MB)
  - Source\ActionRoguelike\UI\RogueHUD.cpp (0.00MB)
  - Source\ActionRoguelike\UI\RogueHUD.h (0.00MB)
  - Source\ActionRoguelike\UI\RogueWorldUserWidget.cpp (0.00MB)
  - Source\ActionRoguelike\UI\RogueWorldUserWidget.h (0.00MB)
  - Source\ActionRoguelike\World\RogueExplosiveBarrel.cpp (0.00MB)
  - Source\ActionRoguelike\World\RogueExplosiveBarrel.h (0.00MB)
  - Source\ActionRoguelike\World\RogueTargetDummy.cpp (0.00MB)
  - Source\ActionRoguelike\World\RogueTargetDummy.h (0.00MB)
  - Source\ActionRoguelike\World\RogueTreasureChest.cpp (0.00MB)
  - Source\ActionRoguelike\World\RogueTreasureChest.h (0.00MB)
  - Source\ActionRoguelikeEditor.Target.cs (0.00MB)
  - Source\RogueEditor\RogueEditor.Build.cs (0.00MB)
  - Source\RogueEditor\RogueEditor.cpp (0.00MB)
  - Source\RogueEditor\Validators\EditorValidator_Projectiles.cpp (0.00MB)
  - Source\RogueEditor\Validators\EditorValidator_Projectiles.h (0.00MB)
  - Thumbnil.png (1.53MB)
  - git_chunks.log (0.00MB)
================================================================================
2026-06-10 14:52:07,163 - INFO - 
Operation completed successfully. Full report saved to git_chunks.log
